"ID","X","Y","Elevation","Distance (Segment)","Distance (Total)","Distance 3D (Segment)","Distance 3D (Total)","Slope (Degrees)","Slope (Percent)","Segment Index"
1,11.7583045881,-17.2525416770,2.098,0,0,0,0,-,-,2
2,11.7675733821,-17.2530038209,2.88,986.99,986.99,986.99,986.99,0.0,0.1%,2
3,11.7766003193,-17.2542191596,2.356,969.32,1956.3,969.32,1956.3,0.0,0.1%,3
4,11.7822779814,-17.2614221725,3.665,1000,2956.3,1000,2956.3,0.1,0.1%,3
5,11.7886842028,-17.2679074215,4.367,989.54,3945.8,989.54,3945.8,0.0,0.1%,4
6,11.7963220181,-17.2731793258,9.049,1000,4945.8,1000,4945.9,0.3,0.5%,4
7,11.8039162549,-17.2686178461,10.185,952.32,5898.2,952.32,5898.2,0.1,0.1%,6
8,11.8129762457,-17.2661951377,10.574,1000,6898.2,1000,6898.2,0.0,0.0%,6
9,11.8218052401,-17.2631283373,12.751,998.3,7896.5,998.3,7896.5,0.1,0.2%,7
10,11.8276861666,-17.2564055726,15.291,971.93,8868.4,971.94,8868.4,0.1,0.3%,8
11,11.8328614724,-17.2488614310,23.859,999.99,9868.4,1000,9868.5,0.5,0.9%,8
12,11.8380367783,-17.2413172894,36.394,1000,10868.4,1000.1,10868.5,0.7,1.3%,8
13,11.8442819942,-17.2356137642,38.943,916.28,11784.7,916.29,11784.8,0.2,0.3%,9
14,11.8522192220,-17.2377593461,31.381,876.9,12661.6,876.93,12661.8,0.5,0.9%,10
15,11.8595957202,-17.2400962558,33.363,826.02,13487.6,826.03,13487.8,0.1,0.2%,11
16,11.8657193139,-17.2342690132,36.011,916.54,14404.1,916.54,14404.3,0.2,0.3%,13
17,11.8749843943,-17.2327290627,39.295,1000,15404.1,1000,15404.3,0.2,0.3%,13
18,11.8830599686,-17.2281704034,44.179,996.09,16400.2,996.11,16400.4,0.3,0.5%,14
19,11.8897665928,-17.2222575629,53.371,968,17368.2,968.04,17368.5,0.5,0.9%,15
20,11.8941906624,-17.2142846836,56.03,1000,18368.2,1000,18368.5,0.2,0.3%,15
21,11.9006742514,-17.2083731035,49.591,950.59,19318.8,950.61,19319.1,0.4,0.7%,16
22,11.9091417696,-17.2044471672,48.235,1000,20318.8,1000,20319.1,0.1,0.1%,16
23,11.9161851924,-17.1991168105,51.009,953.59,21272.4,953.59,21272.7,0.2,0.3%,18
24,11.9249417834,-17.1958295623,54.396,1000,22272.4,1000,22272.7,0.2,0.3%,18
25,11.9333240663,-17.1919258244,56.926,990.82,23263.2,990.83,23263.5,0.1,0.3%,19
26,11.9406098312,-17.1862161089,60.438,1000,24263.2,1000,24263.5,0.2,0.4%,19
27,11.9483420758,-17.1814128605,58.489,979.39,25242.6,979.39,25242.9,0.1,0.2%,21
28,11.9577369085,-17.1817129825,60.99,1000,26242.6,1000,26242.9,0.1,0.3%,21
29,11.9652308093,-17.1768152301,76.682,964.05,27206.7,964.17,27207.1,0.9,1.6%,22
30,11.9740915644,-17.1759669224,61.129,947.32,28154,947.45,28154.5,0.9,1.6%,23
31,11.9833219249,-17.1755131642,77.782,983.27,29137.3,983.41,29137.9,1.0,1.7%,24
32,11.9921246943,-17.1723945915,68.872,998.07,30135.3,998.11,30136.1,0.5,0.9%,25
33,12.0004598060,-17.1682181143,71.776,1000,31135.3,1000,31136.1,0.2,0.3%,25
34,12.0093381866,-17.1655343257,75.213,990.18,32125.5,990.18,32126.2,0.2,0.3%,26
35,12.0177391703,-17.1618179950,79.61,983.89,33109.4,983.9,33110.1,0.3,0.4%,27
36,12.0266063456,-17.1603193205,78.427,957.89,34067.3,957.89,34068,0.1,0.1%,29
37,12.0322069700,-17.1531415709,95.1,993.03,35060.3,993.17,35061.2,1.0,1.7%,30
38,12.0407836820,-17.1513324109,90.477,934.26,35994.6,934.28,35995.5,0.3,0.5%,31
39,12.0494200127,-17.1548969766,96.773,1000,36994.6,1000,36995.5,0.4,0.6%,31
40,12.0587303882,-17.1551547448,88.645,991.02,37985.6,991.05,37986.5,0.5,0.8%,33
41,12.0679298063,-17.1533041710,104.071,1000,38985.6,1000.1,38986.7,0.9,1.5%,33
42,12.0758717439,-17.1487497309,109,983.93,39969.5,983.95,39970.6,0.3,0.5%,35
43,12.0819059484,-17.1422708583,131.498,962.48,40932,962.74,40933.3,1.3,2.3%,36
44,12.0897830506,-17.1470968497,121.031,993.86,41925.9,993.92,41927.3,0.6,1.1%,37
45,12.0969503690,-17.1529353810,125.033,999.54,42925.4,999.55,42926.8,0.2,0.4%,38
46,12.1040399153,-17.1588674836,125.816,999.99,43925.4,1000,43926.8,0.0,0.1%,38
47,12.1125129842,-17.1588064883,130.205,901.52,44826.9,901.53,44828.3,0.3,0.5%,40
48,12.1202413928,-17.1591864926,123.738,823.34,45650.3,823.37,45651.7,0.5,0.8%,41
49,12.1284637017,-17.1629021018,142.834,966.63,46616.9,966.82,46618.5,1.1,2.0%,43
50,12.1369728750,-17.1657884774,133.123,960.02,47576.9,960.07,47578.6,0.6,1.0%,44
51,12.1452364741,-17.1620949995,138.896,969.57,48546.5,969.58,48548.2,0.3,0.6%,45
52,12.1543619775,-17.1602344656,148.303,992.5,49539,992.54,49540.7,0.5,0.9%,47
53,12.1636758138,-17.1614478964,146.683,1000,50539,1000,50540.7,0.1,0.2%,47
54,12.1703139997,-17.1677022916,158.445,988.89,51527.9,988.96,51529.7,0.7,1.2%,48
55,12.1767686888,-17.1741800277,151.073,992.73,52520.6,992.76,52522.4,0.4,0.7%,50
56,12.1818553274,-17.1809223125,159.433,921.75,53442.3,921.78,53444.2,0.5,0.9%,51
57,12.1842886764,-17.1896500909,170.074,1000,54442.3,1000.1,54444.3,0.6,1.1%,51
58,12.1897042384,-17.1961088335,157.799,918.05,55360.4,918.13,55362.4,0.8,1.3%,53
59,12.1986826318,-17.1980952384,159.701,980.04,56340.4,980.04,56342.5,0.1,0.2%,54
60,12.2021391524,-17.2064980839,164.313,1000,57340.4,1000,57342.5,0.3,0.5%,54
61,12.2085896103,-17.2129572959,163.88,990.84,58331.3,990.84,58333.3,0.0,0.0%,55
62,12.2163448502,-17.2171875930,166.229,948.48,59279.8,948.48,59281.8,0.1,0.2%,56
63,12.2251419668,-17.2198659136,167.669,981.5,60261.3,981.51,60263.3,0.1,0.1%,57
64,12.2334921317,-17.2240187292,170.919,1000,61261.3,1000,61263.3,0.2,0.3%,57
65,12.2360775645,-17.2326961154,169.258,998.93,62260.2,998.93,62262.2,0.1,0.2%,58
66,12.2446015063,-17.2358951727,177.203,973.23,63233.4,973.26,63235.5,0.5,0.8%,59
67,12.2535337563,-17.2387177470,170.051,1000,64233.4,1000,64235.5,0.4,0.7%,59
68,12.2615304156,-17.2359176398,201.837,905.15,65138.6,905.71,65141.2,2.0,3.5%,61
69,12.2687966834,-17.2317343390,178.744,900.86,66039.4,901.15,66042.4,1.5,2.6%,62
70,12.2775936832,-17.2345235564,175.572,985.2,67024.6,985.2,67027.6,0.2,0.3%,63
71,12.2855073663,-17.2394033098,175.806,1000,68024.6,1000,68027.6,0.0,0.0%,63
72,12.2935377074,-17.2370390552,180.189,893.21,68917.8,893.22,68920.8,0.3,0.5%,65
73,12.3010030337,-17.2326881009,190.613,928.57,69846.4,928.62,69849.4,0.6,1.1%,67
74,12.3101643007,-17.2341120887,195.898,986.99,70833.4,987.01,70836.4,0.3,0.5%,68
75,12.3182239778,-17.2294708226,184.447,999.3,71832.7,999.37,71835.8,0.7,1.1%,69
76,12.3269997582,-17.2281475002,188.761,944.78,72777.5,944.79,72780.6,0.3,0.5%,70
77,12.3353997202,-17.2259710147,194.288,925.3,73702.8,925.31,73705.9,0.3,0.6%,71
78,12.3442639071,-17.2235311704,195.692,980.68,74683.4,980.69,74686.6,0.1,0.1%,72
79,12.3520674459,-17.2187555003,201.337,983.98,75667.4,984,75670.6,0.3,0.6%,74
80,12.3584126022,-17.2220159864,207.247,765.29,76432.7,765.31,76435.9,0.4,0.8%,75
81,12.3653556886,-17.2280054504,206.683,992.32,77425,992.32,77428.2,0.0,0.1%,76
82,12.3731321471,-17.2319401824,208.273,934.7,78359.7,934.7,78362.9,0.1,0.2%,77
83,12.3780725214,-17.2257113509,216.733,866.77,79226.5,866.81,79229.7,0.6,1.0%,79
84,12.3854499166,-17.2202307321,219.935,991.76,80218.3,991.76,80221.5,0.2,0.3%,80
85,12.3940533432,-17.2194280478,211.618,919.37,81137.6,919.41,81140.9,0.5,0.9%,81
86,12.3971536659,-17.2116382764,219.771,923.02,82060.7,923.06,82064,0.5,0.9%,82
87,12.4035781935,-17.2054040729,222.144,971.09,83031.7,971.09,83035,0.1,0.2%,83
88,12.4126821429,-17.2069902342,237.28,984.16,84015.9,984.27,84019.3,0.9,1.5%,84
89,12.4206358974,-17.2105218699,228.136,931.94,84947.8,931.99,84951.3,0.6,1.0%,86
90,12.4278637545,-17.2087441699,237.357,793.58,85741.4,793.63,85744.9,0.7,1.2%,87
91,12.4338650512,-17.2156995791,248.058,1000,86741.4,1000.1,86745,0.6,1.1%,87
92,12.4394434387,-17.2229499172,246.842,997.94,87739.4,997.94,87742.9,0.1,0.1%,88
93,12.4378558449,-17.2317941520,246.789,993.26,88732.6,993.26,88736.2,0.0,0.0%,89
94,12.4360996708,-17.2406676521,249.792,999.65,89732.3,999.65,89735.9,0.2,0.3%,90
95,12.4421850624,-17.2465972248,249.498,921.67,90653.9,921.67,90657.5,0.0,0.0%,91
96,12.4395109411,-17.2550094823,252.837,973.46,91627.4,973.47,91631,0.2,0.3%,92
97,12.4442953954,-17.2605685962,252.913,798.35,92425.8,798.35,92429.3,0.0,0.0%,93
98,12.4509223289,-17.2596783448,255.556,711.55,93137.3,711.55,93140.9,0.2,0.4%,95
99,12.4560649095,-17.2551295363,269.338,743.3,93880.6,743.43,93884.3,1.1,1.9%,96
100,12.4653993627,-17.2558047316,306.727,995.44,94876,996.14,94880.5,2.2,3.8%,97
101,12.4740764838,-17.2534775840,270.466,958,95834.1,958.69,95839.2,2.2,3.8%,98
102,12.4807397692,-17.2471541556,266.807,995.92,96830,995.93,96835.1,0.2,0.4%,99
103,12.4826811154,-17.2412956075,285.239,680.45,97510.4,680.7,97515.8,1.6,2.7%,100
104,12.4913640011,-17.2447637505,284.594,1000,98510.4,1000,98515.8,0.0,0.1%,100
105,12.5005997582,-17.2462796869,287.608,996.41,99506.8,996.42,99512.2,0.2,0.3%,101
106,12.5099867237,-17.2463944002,333.002,998.34,100505.2,999.38,100511.6,2.6,4.5%,102
107,12.5193250500,-17.2471322116,312.558,996.44,101501.6,996.65,101508.2,1.2,2.1%,103
108,12.5282621536,-17.2469645951,318.613,950.6,102452.2,950.62,102458.9,0.4,0.6%,104
109,12.5362442820,-17.2445674424,340.235,889.36,103341.6,889.62,103348.5,1.4,2.4%,105
110,12.5432494018,-17.2455378540,345.561,752.67,104094.3,752.69,104101.2,0.4,0.7%,106
111,12.5490001857,-17.2406432478,327.973,816.99,104911.2,817.18,104918.3,1.2,2.2%,107
112,12.5583780085,-17.2412881838,342.371,999.87,105911.1,999.97,105918.3,0.8,1.4%,108
113,12.5666106021,-17.2402911890,335.163,882.45,106793.6,882.48,106800.8,0.5,0.8%,109
114,12.5735533106,-17.2344313983,357.465,982.73,107776.3,982.98,107783.8,1.3,2.3%,110
115,12.5811731881,-17.2291375348,349.718,1000,108776.3,1000,108783.8,0.4,0.8%,110
116,12.5900133715,-17.2312790444,355.404,969.61,109745.9,969.63,109753.4,0.3,0.6%,111
117,12.5983359353,-17.2354658788,366.22,999.08,110745,999.14,110752.6,0.6,1.1%,112
118,12.6056071247,-17.2302267026,346.011,966.55,111711.5,966.76,111719.3,1.2,2.1%,114
119,12.6095287417,-17.2244600569,377.07,762.41,112474,763.04,112482.4,2.3,4.1%,115
120,12.6079427006,-17.2158759828,368.437,964.87,113438.8,964.91,113447.3,0.5,0.9%,117
121,12.6138617274,-17.2090732809,379.795,981.41,114420.2,981.48,114428.8,0.7,1.2%,118
122,12.6228019886,-17.2062793788,339.577,999.96,115420.2,1000.8,115429.5,2.3,4.0%,119
123,12.6316918451,-17.2033399917,381.394,1000,116420.2,1000.9,116430.4,2.4,4.2%,119
124,12.6389284549,-17.1982650212,377.394,952.89,117373.1,952.9,117383.3,0.2,0.4%,121
125,12.6478714688,-17.1954796489,369.296,1000,118373.1,1000,118383.4,0.5,0.8%,121
126,12.6527050001,-17.1890594390,365.809,877.06,119250.2,877.07,119260.4,0.2,0.4%,123
127,12.6609024238,-17.1846599262,357.312,998.76,120248.9,998.8,120259.2,0.5,0.9%,124
128,12.6685471993,-17.1794022494,340.51,999.99,121248.9,1000.1,121259.4,1.0,1.7%,124
129,12.6761919443,-17.1741445478,343.803,1000,122248.9,1000,122259.4,0.2,0.3%,125
130,12.6843675662,-17.1746582727,364.345,871.63,123120.6,871.88,123131.2,1.4,2.4%,127
131,12.6931073744,-17.1713327560,404.364,1000,124120.6,1000.8,124132,2.3,4.0%,127
132,12.7018486510,-17.1697807145,403.49,945.71,125066.3,945.71,125077.8,0.1,0.1%,128
133,12.7105937942,-17.1728795260,393.804,991.58,126057.8,991.63,126069.4,0.6,1.0%,129
134,12.7163657991,-17.1675339139,391.054,852.7,126910.5,852.7,126922.1,0.2,0.3%,130
135,12.7187458770,-17.1595251875,399.731,921.8,127832.3,921.84,127843.9,0.5,0.9%,131
136,12.7269976126,-17.1554300714,388.799,988.03,128820.4,988.09,128832,0.6,1.1%,132
137,12.7352412592,-17.1518290468,372.346,963.41,129783.8,963.55,129795.6,1.0,1.7%,133
138,12.7412439890,-17.1461248250,367.654,898.03,130681.8,898.05,130693.6,0.3,0.5%,134
139,12.7503623933,-17.1439365056,374.072,1000,131681.8,1000,131693.6,0.4,0.6%,134
140,12.7588469685,-17.1402446466,378.355,990.96,132672.8,990.96,132684.6,0.2,0.4%,135
141,12.7665032637,-17.1351202587,373.331,992.64,133665.4,992.66,133677.2,0.3,0.5%,136
142,12.7731444350,-17.1287272855,378.975,1000,134665.4,1000,134677.3,0.3,0.6%,136
143,12.7804315504,-17.1233014432,381.357,980.77,135646.2,980.77,135658,0.1,0.2%,137
144,12.7892395269,-17.1201526893,380.972,1000,136646.2,1000,136658,0.0,0.0%,137
145,12.7976871862,-17.1162643311,382.533,996.68,137642.8,996.68,137654.7,0.1,0.2%,138
146,12.8068056543,-17.1150962618,382.353,978.96,138621.8,978.96,138633.7,0.0,0.0%,139
147,12.8107921481,-17.1077142027,383.693,920.57,139542.4,920.57,139554.2,0.1,0.1%,140
148,12.8139189960,-17.0991933535,385.87,1000,140542.4,1000,140554.2,0.1,0.2%,140
149,12.8197740633,-17.0921855746,385.747,994.9,141537.3,994.9,141549.1,0.0,0.0%,141
150,12.8258760252,-17.0853147236,387.355,1000,142537.3,1000,142549.1,0.1,0.2%,141
151,12.8345462627,-17.0866859030,388.598,935.23,143472.5,935.23,143484.4,0.1,0.1%,142
152,12.8416719140,-17.0823019864,395.158,900.34,144372.9,900.37,144384.7,0.4,0.7%,143
153,12.8487200429,-17.0765625746,399.396,982.99,145355.8,983,145367.7,0.2,0.4%,145
154,12.8575358453,-17.0734398549,406.898,1000,146355.8,1000,146367.8,0.4,0.8%,145
155,12.8660253599,-17.0696156215,436.445,997.87,147353.7,998.31,147366.1,1.7,3.0%,146
156,12.8735455526,-17.0642944790,427.822,993.78,148347.5,993.82,148359.9,0.5,0.9%,147
157,12.8739577012,-17.0554619932,409.562,978.47,149326,978.64,149338.5,1.1,1.9%,148
158,12.8749783034,-17.0473228734,424.397,907.28,150233.2,907.41,150245.9,0.9,1.6%,149
159,12.8842808242,-17.0460701731,473.646,1000,151233.2,1001.2,151247.2,2.8,4.9%,149
160,12.8933303361,-17.0441929626,451.547,985.56,152218.8,985.81,152233,1.3,2.2%,150
161,12.9010611270,-17.0390607091,454.202,1000,153218.8,1000,153233,0.2,0.3%,150
162,12.9070433400,-17.0322433467,436.843,987.36,154206.2,987.51,154220.5,1.0,1.8%,151
163,12.9123928273,-17.0248162248,438.754,1000,155206.2,1000,155220.5,0.1,0.2%,151
164,12.9199870853,-17.0202209261,441.977,955.22,156161.4,955.22,156175.7,0.2,0.3%,153
165,12.9293514435,-17.0195292799,435.226,1000,157161.4,1000,157175.7,0.4,0.7%,153
166,12.9387001288,-17.0186685598,455.752,999.95,158161.3,1000.2,158175.9,1.2,2.1%,155
167,12.9474458989,-17.0171992976,451.518,945.3,159106.6,945.31,159121.2,0.3,0.4%,157
168,12.9489253295,-17.0109223522,470.503,712.3,159818.9,712.56,159833.7,1.5,2.7%,160
169,12.9582468002,-17.0098215523,476.94,1000,160818.9,1000,160833.8,0.4,0.6%,160
170,12.9654175676,-17.0061421358,496.966,865.35,161684.3,865.58,161699.3,1.3,2.3%,161
171,12.9685532438,-16.9976247890,509.171,1000,162684.3,1000.1,162699.4,0.7,1.2%,161
172,12.9712638386,-16.9913980588,506.547,747.12,163431.4,747.12,163446.5,0.2,0.4%,164
173,12.9795310242,-16.9882793027,502.764,945.63,164377,945.63,164392.2,0.2,0.4%,165
174,12.9865227439,-16.9830119633,504.8,945.62,165322.7,945.62,165337.8,0.1,0.2%,166
175,12.9959125871,-16.9830756877,496.868,1000,166322.7,1000,166337.8,0.5,0.8%,166
176,13.0052605082,-16.9823136663,491.274,999.08,167321.7,999.09,167336.9,0.3,0.6%,167
177,13.0146363584,-16.9824450662,505.515,998.59,168320.3,998.7,168335.6,0.8,1.4%,168
178,13.0235158373,-16.9807682636,508.845,963.67,169284,963.67,169299.3,0.2,0.3%,169
179,13.0321987058,-16.9785262906,528.081,957.41,170241.4,957.6,170256.9,1.2,2.0%,170
180,13.0403673171,-16.9814852172,530.787,929.52,171170.9,929.53,171186.4,0.2,0.3%,172
181,13.0495881831,-16.9803059415,525.832,990.63,172161.6,990.64,172177.1,0.3,0.5%,173
182,13.0578147954,-16.9759497893,529.782,1000,173161.5,1000,173177.1,0.2,0.4%,173
183,13.0667892530,-16.9737943152,536.014,985.1,174146.6,985.12,174162.2,0.4,0.6%,174
184,13.0757760293,-16.9757468910,535.038,981.18,175127.8,981.18,175143.4,0.1,0.1%,176
185,13.0851080463,-16.9763697648,538.319,996.24,176124.1,996.25,176139.6,0.2,0.3%,177
186,13.0932510137,-16.9807442962,542.251,993.19,177117.3,993.2,177132.8,0.2,0.4%,179
187,13.1010883712,-16.9773596288,541.833,914.86,178032.1,914.86,178047.7,0.0,0.0%,180
188,13.1095750093,-16.9741407223,537.03,971.49,179003.6,971.5,179019.2,0.3,0.5%,181
189,13.1186495237,-16.9718199974,547.726,999.99,180003.6,1000,180019.2,0.6,1.1%,182
190,13.1276855967,-16.9693643446,545.786,1000,181003.6,1000,181019.2,0.1,0.2%,182
191,13.1369643702,-16.9680496125,560.3,998.88,182002.5,998.98,182018.2,0.8,1.5%,183
192,13.1462720606,-16.9672459391,560.506,995.29,182997.8,995.29,183013.5,0.0,0.0%,184
193,13.1548883913,-16.9659812743,565.344,928.29,183926.1,928.3,183941.8,0.3,0.5%,186
194,13.1641360029,-16.9670806643,587.945,992.4,184918.5,992.66,184934.5,1.3,2.3%,187
195,13.1722277297,-16.9685854734,595.705,877.74,185796.2,877.78,185812.2,0.5,0.9%,188
196,13.1789797642,-16.9740079635,597.916,936.61,186732.8,936.61,186748.9,0.1,0.2%,189
197,13.1874820726,-16.9717970954,605.881,937.98,187670.8,938.01,187686.9,0.5,0.8%,191
198,13.1962646470,-16.9749933381,594.072,1000,188670.8,1000.1,188686.9,0.7,1.2%,191
199,13.1987923946,-16.9808686257,601.352,703.74,189374.5,703.77,189390.7,0.6,1.0%,192
200,13.1991226285,-16.9889576987,594.28,895.9,190270.4,895.93,190286.6,0.5,0.8%,193
201,13.2076838835,-16.9897254477,598.726,915.65,191186.1,915.67,191202.3,0.3,0.5%,195
202,13.2169203892,-16.9880963466,598.988,1000,192186.1,1000,192202.3,0.0,0.0%,195
203,13.2260664459,-16.9860509126,600.749,999.95,193186,999.95,193202.3,0.1,0.2%,196
204,13.2350898832,-16.9884124615,610.143,995.84,194181.9,995.88,194198.1,0.5,0.9%,197
205,13.2392696088,-16.9950152290,599.834,855.61,195037.5,855.67,195053.8,0.7,1.2%,199
206,13.2443209005,-16.9999559004,610.659,767.01,195804.5,767.09,195820.9,0.8,1.4%,200
207,13.2527246624,-16.9978581987,627.696,924.51,196729,924.67,196745.6,1.1,1.8%,201
208,13.2604568888,-16.9940863377,630.8,923.16,197652.2,923.16,197668.7,0.2,0.3%,202
209,13.2689347481,-16.9978128511,634.422,992.53,198644.7,992.54,198661.3,0.2,0.4%,203
210,13.2779743003,-16.9985590068,637.416,966.13,199610.8,966.13,199627.4,0.2,0.3%,204
211,13.2864253735,-16.9946191158,638.76,1000,200610.8,1000,200627.4,0.1,0.1%,204
212,13.2955458773,-16.9925447849,636.943,998,201608.8,998,201625.4,0.1,0.2%,206
213,13.3044801689,-16.9897879340,637.305,999.14,202608,999.14,202624.5,0.0,0.0%,207
214,13.3136714117,-16.9885561649,637.904,988.24,203596.2,988.24,203612.8,0.0,0.1%,209
215,13.3222156731,-16.9850206974,640.912,990.46,204586.7,990.47,204603.3,0.2,0.3%,210
216,13.3312609761,-16.9825945222,641.94,1000,205586.7,1000,205603.3,0.1,0.1%,210
217,13.3400941242,-16.9795838097,642.839,997.96,206584.6,997.96,206601.2,0.1,0.1%,211
218,13.3487436587,-16.9760671976,640.399,1000,207584.6,1000,207601.2,0.1,0.2%,211
219,13.3570990596,-16.9758419498,642.543,890.19,208474.8,890.2,208491.4,0.1,0.2%,212
220,13.3649976862,-16.9807280218,643.548,1000,209474.8,1000,209491.4,0.1,0.1%,212
221,13.3741310558,-16.9825385551,644.439,993.09,210467.9,993.09,210484.5,0.1,0.1%,213
222,13.3825793103,-16.9857295892,646.183,966.52,211434.4,966.52,211451,0.1,0.2%,215
223,13.3897783618,-16.9915313632,643.48,1000,212434.4,1000,212451,0.2,0.3%,215
224,13.3974634445,-16.9965553087,648.177,989.38,213423.8,989.39,213440.4,0.3,0.5%,216
225,13.4065071942,-16.9986622613,648.118,990.87,214414.7,990.87,214431.3,0.0,0.0%,217
226,13.4158373831,-16.9996878761,648.074,1000,215414.7,1000,215431.3,0.0,0.0%,217
227,13.4251018436,-17.0011201756,649.046,999.18,216413.9,999.19,216430.5,0.1,0.1%,218
228,13.4329975714,-17.0054226330,652.463,966.24,217380.1,966.24,217396.7,0.2,0.4%,219
229,13.4418231029,-17.0079873879,654.592,981.69,218361.8,981.69,218378.4,0.1,0.2%,220
230,13.4510091391,-17.0098664794,653.321,1000,219361.8,1000,219378.4,0.1,0.1%,220
231,13.4602875989,-17.0107708974,654.636,993.03,220354.8,993.03,220371.4,0.1,0.1%,221
232,13.4662111761,-17.0160073280,656.343,856.54,221211.4,856.54,221228,0.1,0.2%,222
233,13.4717849137,-17.0229175305,658.016,968.01,222179.4,968.01,222196,0.1,0.2%,223
234,13.4776345057,-17.0296224849,660.596,968.77,223148.1,968.77,223164.8,0.2,0.3%,224
235,13.4820296611,-17.0376040783,661.279,999.61,224147.8,999.61,224164.4,0.0,0.1%,225
236,13.4865209194,-17.0455322368,664.021,999.23,225147,999.24,225163.6,0.2,0.3%,226
237,13.4904833365,-17.0537248983,668.447,1000,226147,1000,226163.6,0.3,0.4%,227
238,13.4944459354,-17.0619175046,668.805,1000,227147,1000,227163.6,0.0,0.0%,227
239,13.4988031257,-17.0698475601,670.039,992.64,228139.6,992.64,228156.3,0.1,0.1%,228
240,13.5053771393,-17.0763025999,671.616,1000,229139.6,1000,229156.3,0.1,0.2%,228
241,13.5120128834,-17.0826922036,672.645,999.46,230139.1,999.46,230155.7,0.1,0.1%,229
242,13.5193338946,-17.0883554042,672.7,1000,231139.1,1000,231155.8,0.0,0.0%,229
243,13.5241656415,-17.0950550797,678.216,902.34,232041.5,902.36,232058.1,0.4,0.6%,230
244,13.5234497731,-17.1040646601,677.926,1000,233041.5,1000,233058.1,0.0,0.0%,230
245,13.5205364517,-17.1124598953,680.852,979.47,234020.9,979.48,234037.6,0.2,0.3%,231
246,13.5161173945,-17.1204341696,684.915,1000,235020.9,1000,235037.6,0.2,0.4%,231
247,13.5081244567,-17.1249786946,682.707,988.15,236009.1,988.15,236025.7,0.1,0.2%,232
248,13.5117023527,-17.1326329800,683.173,928.73,236937.8,928.73,236954.5,0.0,0.1%,233
249,13.5178288093,-17.1390171095,689.084,961.34,237899.1,961.36,237915.8,0.4,0.6%,234
250,13.5260474970,-17.1433993850,697.772,1000,238899.1,1000,238915.9,0.5,0.9%,234
251,13.5352831381,-17.1444794310,701.144,989.95,239889.1,989.96,239905.8,0.2,0.3%,236
252,13.5441374900,-17.1474680490,702.017,998.5,240887.6,998.5,240904.3,0.1,0.1%,237
253,13.5517115726,-17.1527292818,702,994.23,241881.8,994.23,241898.6,0.0,0.0%,238
254,13.5590942087,-17.1583211873,701.021,1000,242881.8,1000,242898.6,0.1,0.1%,238
255,13.5667897570,-17.1634907251,702.01,998.85,243880.7,998.85,243897.4,0.1,0.1%,239
256,13.5747058698,-17.1683625457,702.458,1000,244880.7,1000,244897.4,0.0,0.0%,239
257,13.5826219826,-17.1732343664,707.969,999.99,245880.7,1000,245897.4,0.3,0.6%,239
258,13.5904218493,-17.1782702619,706.045,999.59,246880.3,999.59,246897,0.1,0.2%,240
259,13.5980275293,-17.1835802412,705.241,1000,247880.3,1000,247897,0.0,0.1%,240
260,13.6056332093,-17.1888902205,709.788,999.99,248880.3,1000,248897,0.3,0.5%,240
261,13.6117480635,-17.1956741166,707.588,993.38,249873.6,993.38,249890.4,0.1,0.2%,241
262,13.6190784973,-17.2013057265,712.706,998.24,250871.9,998.25,250888.6,0.3,0.5%,242
263,13.6273946054,-17.2053114145,713.464,989.46,251861.3,989.46,251878.1,0.0,0.1%,243
264,13.6356465478,-17.2091984942,713.977,977.49,252838.8,977.49,252855.6,0.0,0.1%,244
265,13.6414484185,-17.2163085415,711.39,1000,253838.8,1000,253855.6,0.1,0.3%,244
266,13.6472502891,-17.2234185889,718.68,999.99,254838.8,1000,254855.6,0.4,0.7%,244
267,13.6551746788,-17.2282326756,715.864,997.1,255835.9,997.1,255852.7,0.2,0.3%,245
268,13.6628811371,-17.2333777110,716.139,998,256833.9,998,256850.7,0.0,0.0%,246
269,13.6702302039,-17.2390141560,722.369,1000,257833.9,1000,257850.7,0.4,0.6%,246
270,13.6776866175,-17.2445183795,713.798,999.95,258833.9,999.98,258850.7,0.5,0.9%,247
271,13.6864951280,-17.2470163312,717.859,976.69,259810.5,976.7,259827.4,0.2,0.4%,248
272,13.6948374136,-17.2452137174,722.515,909.32,260719.9,909.33,260736.8,0.3,0.5%,250
273,13.7008730008,-17.2521426277,728.645,1000,261719.9,1000,261736.8,0.4,0.6%,250
274,13.7073874488,-17.2585433428,729.27,990.81,262710.7,990.81,262727.6,0.0,0.1%,251
275,13.7153595923,-17.2633361837,725.538,1000,263710.7,1000,263727.6,0.2,0.4%,251
276,13.7233317358,-17.2681290247,727.419,999.99,264710.7,999.99,264727.6,0.1,0.2%,251
277,13.7322176726,-17.2673814149,720.747,948.49,265659.2,948.51,265676.1,0.4,0.7%,252
278,13.7399367093,-17.2723229769,723.273,986.29,266645.5,986.3,266662.4,0.1,0.3%,253
279,13.7474292846,-17.2777766520,724.302,999.5,267645,999.5,267661.9,0.1,0.1%,254
280,13.7547274358,-17.2834758924,724.001,1000,268645,1000,268661.9,0.0,0.0%,254
281,13.7624343827,-17.2885897769,725.921,995.88,269640.8,995.88,269657.8,0.1,0.2%,256
282,13.7711309612,-17.2920313989,728.846,1000,270640.8,1000,270657.8,0.2,0.3%,256
283,13.7789440641,-17.2964090321,725.071,961.64,271602.5,961.64,271619.4,0.2,0.4%,257
284,13.7837377288,-17.3040267495,723.222,985.14,272587.6,985.14,272604.6,0.1,0.2%,258
285,13.7920008636,-17.3083440627,725.435,1000,273587.6,1000,273604.6,0.1,0.2%,258
286,13.8006966856,-17.3110551609,727.445,971.92,274559.5,971.92,274576.5,0.1,0.2%,260
287,13.8078785152,-17.3168907271,728.439,1000,275559.5,1000,275576.5,0.1,0.1%,261
288,13.8154815889,-17.3220615558,726.052,990.32,276549.9,990.32,276566.8,0.1,0.2%,262
289,13.8241788186,-17.3255051853,728.99,1000,277549.9,1000,277566.8,0.2,0.3%,262
290,13.8333204208,-17.3274691770,726.343,995.76,278545.6,995.77,278562.6,0.2,0.3%,263
291,13.8410252300,-17.3325486771,730.741,993.37,279539,993.38,279556,0.3,0.4%,264
292,13.8486160973,-17.3378861739,729.344,999.99,280539,999.99,280556,0.1,0.1%,264
293,13.8568206858,-17.3423011727,728.338,999.64,281538.6,999.64,281555.6,0.1,0.1%,265
294,13.8658090069,-17.3429436867,728.612,958.02,282496.7,958.02,282513.6,0.0,0.0%,266
295,13.8736220068,-17.3461805416,730.376,904.41,283401.1,904.41,283418.1,0.1,0.2%,267
296,13.8808529894,-17.3519444212,741.785,998.8,284399.9,998.87,284416.9,0.7,1.1%,268
297,13.8882680742,-17.3575062365,734.112,1000,285399.9,1000,285416.9,0.4,0.8%,268
298,13.8965131343,-17.3610890461,732.659,961.83,286361.7,961.83,286378.8,0.1,0.2%,269
299,13.9009314563,-17.3678046001,731.055,879.14,287240.8,879.14,287257.9,0.1,0.2%,270
300,13.9070717768,-17.3736078423,740.331,915.61,288156.4,915.65,288173.6,0.6,1.0%,271
301,13.9156219449,-17.3773808619,750.226,1000,289156.4,1000,289173.6,0.6,1.0%,271
302,13.9137362068,-17.3852390813,740.065,892.48,290048.9,892.54,290066.2,0.7,1.1%,272
303,13.9195821187,-17.3918038962,750.576,955.92,291004.8,955.98,291022.1,0.6,1.1%,273
304,13.9269530232,-17.3972722913,744.414,989.82,291994.7,989.83,292012,0.4,0.6%,274
305,13.9274474580,-17.4053554962,754.991,896.14,292890.8,896.2,292908.2,0.7,1.2%,276
306,13.9291933436,-17.4128505746,751.319,850,293740.8,850.01,293758.2,0.2,0.4%,277
307,13.9368399851,-17.4177488254,756.089,976.7,294717.5,976.71,294734.9,0.3,0.5%,278
308,13.9437310759,-17.4238074908,759.313,992.8,295710.3,992.81,295727.7,0.2,0.3%,279
309,13.9510006570,-17.4294453685,759.577,992.89,296703.2,992.89,296720.6,0.0,0.0%,280
310,13.9594517263,-17.4320734297,756.841,943.78,297647,943.78,297664.4,0.2,0.3%,281
311,13.9687161464,-17.4304861812,759.54,999.8,298646.8,999.8,298664.2,0.2,0.3%,282
312,13.9779204195,-17.4285955542,759.08,1000,299646.8,1000,299664.2,0.0,0.0%,283
313,13.9861350076,-17.4313189002,760.713,923.3,300570.1,923.3,300587.5,0.1,0.2%,285
314,13.9952820973,-17.4311340628,758.72,972,301542.1,972,301559.5,0.1,0.2%,286
315,14.0035625487,-17.4274525303,758.216,969.49,302511.6,969.49,302529,0.0,0.1%,287
316,14.0081933474,-17.4196498036,761.262,993.88,303505.4,993.88,303522.9,0.2,0.3%,288
317,14.0163046200,-17.4152730593,759.832,988.6,304494,988.6,304511.5,0.1,0.1%,290
318,14.0254545277,-17.4154466308,764.785,972.35,305466.4,972.37,305483.8,0.3,0.5%,291
319,14.0344136467,-17.4182096682,762.23,999.8,306466.2,999.8,306483.6,0.1,0.3%,292
320,14.0430961745,-17.4203411576,763.053,952.17,307418.4,952.17,307435.8,0.0,0.1%,294
321,14.0508491572,-17.4199492751,763.046,824.86,308243.2,824.86,308260.7,0.0,0.0%,295
322,14.0556323985,-17.4276110854,766.514,988.58,309231.8,988.59,309249.2,0.2,0.4%,296
323,14.0643265569,-17.4277849720,767.156,923.88,310155.7,923.88,310173.1,0.0,0.1%,298
324,14.0731982757,-17.4307828620,768.25,999.23,311154.9,999.23,311172.4,0.1,0.1%,299
325,14.0820208766,-17.4324394161,773.41,955.07,312110,955.08,312127.4,0.3,0.5%,300
326,14.0911473186,-17.4332031760,769.155,973.26,313083.2,973.27,313100.7,0.3,0.4%,301
327,14.1000842043,-17.4360400364,770.849,1000,314083.2,1000,314100.7,0.1,0.2%,301
328,14.1081945944,-17.4344732464,773.174,878.9,314962.1,878.9,314979.6,0.2,0.3%,303
329,14.1126406823,-17.4265884385,774.928,992.28,315954.4,992.28,315971.9,0.1,0.2%,304
330,14.1201097681,-17.4217094587,772.527,959.83,316914.2,959.84,316931.7,0.1,0.3%,306
331,14.1249078129,-17.4292361641,776.659,976.61,317890.8,976.61,317908.3,0.2,0.4%,307
332,14.1337839517,-17.4307205392,774.791,957.2,318848,957.21,318865.5,0.1,0.2%,308
333,14.1429169045,-17.4296572148,779.013,977.39,319825.4,977.4,319842.9,0.2,0.4%,309
334,14.1516864106,-17.4283281804,773.127,943.22,320768.7,943.24,320786.2,0.4,0.6%,311
335,14.1574238066,-17.4233085300,775.897,824.73,321593.4,824.74,321610.9,0.2,0.3%,313
336,14.1638257175,-17.4173158160,778.541,950.01,322543.4,950.01,322560.9,0.2,0.3%,314
337,14.1728513421,-17.4149826813,780.582,993.11,323536.5,993.11,323554,0.1,0.2%,316
338,14.1819625284,-17.4128674242,779.275,995.96,324532.5,995.96,324550,0.1,0.1%,317
339,14.1907820784,-17.4107270409,777.767,966.56,325499,966.56,325516.6,0.1,0.2%,318
340,14.2000321118,-17.4123945827,778.599,1000,326499,1000,326516.6,0.0,0.1%,318
341,14.2090240869,-17.4105070886,775.761,977.97,327477,977.98,327494.5,0.2,0.3%,319
342,14.2176750225,-17.4070016710,771.794,997.7,328474.7,997.71,328492.3,0.2,0.4%,320
343,14.2194327837,-17.3991245932,776.62,891.57,329366.3,891.58,329383.8,0.3,0.5%,322
344,14.2136683708,-17.3938065422,803.266,849.47,330215.8,849.89,330233.7,1.8,3.1%,326
345,14.2186020885,-17.3890135831,838.56,745.81,330961.6,746.65,330980.4,2.7,4.7%,330
346,14.2256833487,-17.3858246200,896.696,831.14,331792.7,833.17,331813.5,4.0,7.0%,333
347,14.2303290420,-17.3781706276,902.596,980.46,332773.2,980.47,332794,0.3,0.6%,334
348,14.2354273078,-17.3706839017,905.761,990,333763.2,990,333784,0.2,0.3%,335
349,14.2441165000,-17.3675613833,913.767,985.99,334749.2,986.02,334770,0.5,0.8%,336
350,14.2530317904,-17.3646770949,915.899,999.82,335749,999.82,335769.9,0.1,0.2%,337
351,14.2609820834,-17.3599311636,927.431,994.9,336743.9,994.97,336764.8,0.7,1.2%,338
352,14.2688031025,-17.3550021709,944.463,994.25,337738.1,994.39,337759.2,1.0,1.7%,339
353,14.2781598344,-17.3540530947,954.142,1000,338738.1,1000,338759.3,0.6,1.0%,339
354,14.2875408939,-17.3535799891,958.381,998.43,339736.5,998.44,339757.7,0.2,0.4%,340
355,14.2969494013,-17.3536439047,971.349,1000,340736.5,1000.1,340757.8,0.7,1.3%,340
356,14.3060703651,-17.3515260181,974.63,997.35,341733.9,997.36,341755.2,0.2,0.3%,341
357,14.3140492430,-17.3469956411,979.253,985.18,342719.1,985.19,342740.3,0.3,0.5%,342
358,14.3212780271,-17.3413773944,985.094,988.42,343707.5,988.44,343728.8,0.3,0.6%,344
359,14.3304217069,-17.3397770084,993.121,987.9,344695.4,987.94,344716.7,0.5,0.8%,345
360,14.3393282589,-17.3377002239,998.421,974.2,345669.6,974.22,345690.9,0.3,0.5%,346
361,14.3462277852,-17.3317047946,1002.88,989,346658.6,989.01,346679.9,0.3,0.5%,347
362,14.3526105199,-17.3251768746,1011.113,991.1,347649.7,991.14,347671.1,0.5,0.8%,349
363,14.3612770514,-17.3219619169,1017.518,987.59,348637.3,987.61,348658.7,0.4,0.6%,350
364,14.3705996430,-17.3207534454,1026.062,1000,349637.3,1000,349658.7,0.5,0.9%,350
365,14.3782992215,-17.3157806328,1030.523,986.32,350623.6,986.33,350645.1,0.3,0.5%,352
366,14.3865874708,-17.3120662856,1041.353,972.28,351595.9,972.34,351617.4,0.6,1.1%,353
367,14.3958263955,-17.3106290750,1047.326,994.97,352590.9,994.99,352612.4,0.3,0.6%,354
368,14.4051438836,-17.3114560350,1049.104,994.75,353585.6,994.75,353607.1,0.1,0.2%,355
369,14.4143959406,-17.3130873720,1049.895,1000,354585.6,1000,354607.1,0.0,0.1%,356
370,14.4236578409,-17.3128326928,1048.492,985.01,355570.6,985.01,355592.1,0.1,0.1%,357
371,14.4324916497,-17.3097723211,1056.769,998.32,356568.9,998.35,356590.5,0.5,0.8%,358
372,14.4411920275,-17.3063439833,1057.308,999.74,357568.7,999.74,357590.2,0.0,0.1%,359
373,14.4498153052,-17.3027348077,1064.666,1000,358568.7,1000,358590.3,0.4,0.7%,359
374,14.4586354282,-17.2996450853,1067.506,998.11,359566.8,998.11,359588.4,0.2,0.3%,360
375,14.4676545315,-17.2970804501,1072.097,1000,360566.8,1000,360588.4,0.3,0.5%,360
376,14.4768885209,-17.2955733046,1077.031,995.8,361562.6,995.81,361584.2,0.3,0.5%,361
377,14.4862492014,-17.2946896261,1084.123,1000,362562.6,1000,362584.2,0.4,0.7%,361
378,14.4956116427,-17.2946964654,1091.511,995.4,363558,995.42,363579.7,0.4,0.7%,362
379,14.5049739463,-17.2955600740,1092.534,999.96,364557.9,999.96,364579.6,0.1,0.1%,363
380,14.5141241014,-17.2960426493,1092.626,974.29,365532.2,974.29,365553.9,0.0,0.0%,364
381,14.5218542383,-17.2910197750,1093.797,992.2,366524.4,992.2,366546.1,0.1,0.1%,365
382,14.5287774635,-17.2849036474,1095.941,1000,367524.4,1000,367546.1,0.1,0.2%,365
383,14.5371570086,-17.2809732041,1097.728,991.47,368515.9,991.47,368537.6,0.1,0.2%,366
384,14.5465509223,-17.2808925369,1096.284,998.86,369514.8,998.86,369536.4,0.1,0.1%,367
385,14.5506787450,-17.2881478383,1096.665,915.08,370429.8,915.08,370451.5,0.0,0.0%,369
386,14.5547107003,-17.2950253518,1097.16,873.56,371303.4,873.56,371325.1,0.0,0.1%,371
387,14.5626223904,-17.2987757287,1102,937.98,372241.4,937.99,372263.1,0.3,0.5%,373
388,14.5712480813,-17.2965020622,1101.915,950.95,373192.3,950.95,373214,0.0,0.0%,376
389,14.5722035580,-17.3053405347,1101.95,983.44,374175.8,983.44,374197.5,0.0,0.0%,377
390,14.5775890094,-17.3126349549,1102.044,989.7,375165.5,989.7,375187.2,0.0,0.0%,378
391,14.5798856603,-17.3212820401,1102.918,987.65,376153.1,987.65,376174.8,0.1,0.1%,379
392,14.5816435451,-17.3301585249,1102.377,1000,377153.1,1000,377174.8,0.0,0.1%,379
393,14.5872373766,-17.3369106398,1104.118,954.97,378108.1,954.97,378129.8,0.1,0.2%,381
394,14.5938810746,-17.3348061778,1102.739,743.6,378851.7,743.6,378873.4,0.1,0.2%,383
395,14.5958927388,-17.3263608510,1102.661,958.82,379810.5,958.82,379832.2,0.0,0.0%,384
396,14.5941605346,-17.3175179758,1103.198,995.84,380806.4,995.84,380828,0.0,0.1%,385
397,14.5921684372,-17.3087109866,1102.052,997.43,381803.8,997.43,381825.5,0.1,0.1%,386
398,14.5949051311,-17.3002542455,1102.3,980.11,382783.9,980.11,382805.6,0.0,0.0%,387
399,14.6024711271,-17.2951959123,1102.405,980.02,383763.9,980.02,383785.6,0.0,0.0%,388
400,14.6081681413,-17.2883322037,1101.833,971.55,384735.5,971.55,384757.1,0.0,0.1%,389
401,14.6109378694,-17.2798253623,1100.89,986.46,385721.9,986.46,385743.6,0.1,0.1%,390
402,14.6129744279,-17.2710106161,1099.881,999.29,386721.2,999.29,386742.9,0.1,0.1%,391
403,14.6165973623,-17.2627689208,1100.098,990.14,387711.4,990.14,387733,0.0,0.0%,392
404,14.6213965121,-17.2549984742,1101.52,1000,388711.4,1000,388733,0.1,0.1%,392
405,14.6261956619,-17.2472280277,1102.154,1000,389711.4,1000,389733,0.0,0.1%,392
406,14.6326305846,-17.2407428264,1102.688,991.69,390703,991.69,390724.7,0.0,0.1%,393
407,14.6411111506,-17.2375953107,1103.704,966.84,391669.9,966.84,391691.6,0.1,0.1%,395
408,14.6498207968,-17.2354829015,1105.223,955.33,392625.2,955.33,392646.9,0.1,0.2%,397
409,14.6555897387,-17.2283478926,1104.141,999.99,393625.2,999.99,393646.9,0.1,0.1%,397
410,14.6613586805,-17.2212128838,1104.247,1000,394625.2,1000,394646.9,0.0,0.0%,397
411,14.6668235017,-17.2138652495,1105.045,999.55,395624.8,999.55,395646.5,0.0,0.1%,399
412,14.6721279326,-17.2064050744,1103.817,1000,396624.8,1000,396646.5,0.1,0.1%,399
413,14.6766275027,-17.1985043347,1106.346,996.81,397621.6,996.81,397643.3,0.1,0.3%,400
414,14.6805989105,-17.1903144897,1107.557,1000,398621.6,1000,398643.3,0.1,0.1%,400
415,14.6832725002,-17.1818043312,1108.295,983.84,399605.4,983.84,399627.1,0.0,0.1%,401
416,14.6832242285,-17.1727860743,1109.732,998.07,400603.5,998.08,400625.2,0.1,0.1%,402
417,14.6860097661,-17.1644286610,1110.118,971.24,401574.7,971.24,401596.4,0.0,0.0%,404
418,14.6911199444,-17.1568450983,1110.092,1000,402574.7,1000,402596.4,0.0,0.0%,404
419,14.6956934517,-17.1489861465,1111.404,996.63,403571.4,996.63,403593.1,0.1,0.1%,405
420,14.6994043952,-17.1406845759,1110.417,1000,404571.4,1000,404593.1,0.1,0.1%,405
421,14.7023192593,-17.1321310440,1112.713,996.14,405567.5,996.15,405589.2,0.1,0.2%,406
422,14.7062473494,-17.1241352487,1112.693,978.66,406546.2,978.66,406567.9,0.0,0.0%,407
423,14.7117407091,-17.1168256114,1113.096,998.08,407544.2,998.08,407565.9,0.0,0.0%,408
424,14.7118981739,-17.1085997433,1112.672,910.52,408454.8,910.52,408476.5,0.0,0.0%,410
425,14.7138560828,-17.1010449147,1110.87,861.67,409316.4,861.67,409338.1,0.1,0.2%,412
426,14.7206616408,-17.0948835595,1108.948,994.78,410311.2,994.79,410332.9,0.1,0.2%,414
427,14.7261951081,-17.0876112132,1107.192,997.3,411308.5,997.31,411330.2,0.1,0.2%,415
428,14.7286464998,-17.0788883594,1109.405,1000,412308.5,1000,412330.2,0.1,0.2%,415
429,14.7340099983,-17.0714841309,1107.545,998.7,413307.2,998.7,413328.9,0.1,0.2%,416
430,14.7311031707,-17.0634595484,1104.168,940.44,414247.7,940.45,414269.4,0.2,0.4%,418
431,14.7306213400,-17.0555359432,1104.386,878.4,415126.1,878.4,415147.8,0.0,0.0%,419
432,14.7376672102,-17.0495840072,1105.059,998.25,416124.3,998.25,416146,0.0,0.1%,421
433,14.7431076871,-17.0424594694,1106.844,978.34,417102.6,978.34,417124.4,0.1,0.2%,422
434,14.7466657794,-17.0340969623,1105.145,1000,418102.6,1000,418124.4,0.1,0.2%,422
435,14.7453720130,-17.0254552558,1106.351,966.24,419068.9,966.24,419090.6,0.1,0.1%,424
436,14.7414939969,-17.0177529538,1107.963,947.15,420016,947.15,420037.8,0.1,0.2%,425
437,14.7427746932,-17.0094243797,1110.019,931.75,420947.8,931.75,420969.5,0.1,0.2%,427
438,14.7427659581,-17.0008156341,1108.584,952.72,421900.5,952.73,421922.2,0.1,0.2%,428
439,14.7467690411,-16.9932576454,1109.622,938.8,422839.3,938.8,422861,0.1,0.1%,430
440,14.7509029006,-16.9852428876,1111.001,990.22,423829.5,990.22,423851.3,0.1,0.1%,432
441,14.7550623018,-16.9773355864,1110.47,980.82,424810.4,980.82,424832.1,0.0,0.1%,433
442,14.7566365821,-16.9690992904,1111.606,926.79,425737.1,926.79,425758.9,0.1,0.1%,434
443,14.7655129164,-16.9675176320,1111.396,961.43,426698.6,961.43,426720.3,0.0,0.0%,437
444,14.7611926555,-16.9596027854,1112.114,989.43,427688,989.43,427709.7,0.0,0.1%,437
445,14.7631908887,-16.9530618757,1112.797,754.51,428442.5,754.51,428464.3,0.1,0.1%,440
446,14.7683223838,-16.9468876882,1114.134,875,429317.5,875,429339.3,0.1,0.2%,442
447,14.7704223761,-16.9399161372,1113.604,803.3,430120.8,803.3,430142.6,0.0,0.1%,443
448,14.7648750132,-16.9362874552,1114.762,714.45,430835.3,714.45,430857,0.1,0.2%,446
449,14.7694809425,-16.9284138406,1112.961,1000,431835.3,1000,431857,0.1,0.2%,446
450,14.7760957916,-16.9222642681,1112.793,979.65,432814.9,979.65,432836.7,0.0,0.0%,448
451,14.7820270593,-16.9164395246,1111.276,902.65,433717.6,902.65,433739.3,0.1,0.2%,449
452,14.7869952413,-16.9091982080,1110.536,960.4,434678,960.4,434699.7,0.0,0.1%,451
453,14.7893000263,-16.9007496338,1108.173,966.69,435644.7,966.7,435666.4,0.1,0.2%,453
454,14.7935138660,-16.8926754921,1108.081,1000,436644.7,1000,436666.4,0.0,0.0%,453
455,14.7953643644,-16.8840945672,1105.315,969.89,437614.6,969.89,437636.3,0.2,0.3%,454
456,14.8031558074,-16.8801281793,1105.546,939.1,438553.7,939.1,438575.4,0.0,0.0%,457
457,14.8018410433,-16.8731145030,1105.144,788.73,439342.4,788.73,439364.1,0.0,0.1%,459
458,14.8031824037,-16.8646599507,1105,946.5,440288.9,946.5,440310.6,0.0,0.0%,461
459,14.8109505134,-16.8628114099,1105.23,852.69,441141.6,852.69,441163.3,0.0,0.0%,463
460,14.8139077883,-16.8576430014,1104.852,653.05,441794.6,653.05,441816.4,0.0,0.1%,464
461,14.8160592627,-16.8498001090,1104.673,897.73,442692.4,897.73,442714.1,0.0,0.0%,466
462,14.8241305064,-16.8496598762,1103.941,860.3,443552.7,860.3,443574.4,0.0,0.1%,467
463,14.8325830460,-16.8481959065,1107.334,915.25,444467.9,915.25,444489.7,0.2,0.4%,470
464,14.8405717950,-16.8452685814,1108.567,910.93,445378.8,910.93,445400.6,0.1,0.1%,471
465,14.8470714396,-16.8387633958,1107.033,999.05,446377.9,999.05,446399.6,0.1,0.2%,472
466,14.8527974730,-16.8316051120,1109.036,1000,447377.9,1000,447399.6,0.1,0.2%,472
467,14.8598337514,-16.8264115186,1110.366,944.86,448322.7,944.86,448344.5,0.1,0.1%,474
468,14.8668325817,-16.8206816858,1110.319,979.06,449301.8,979.06,449323.6,0.0,0.0%,475
469,14.8746400525,-16.8253417037,1109.983,979.01,450280.8,979.01,450302.6,0.0,0.0%,477
470,14.8824721407,-16.8281809705,1111.374,891.95,451172.8,891.95,451194.5,0.1,0.2%,479
471,14.8886402925,-16.8246342404,1108.536,765.68,451938.4,765.69,451960.2,0.2,0.4%,481
472,14.8874697479,-16.8178511284,1109.629,760.97,452699.4,760.97,452721.2,0.1,0.1%,483
473,14.8956168897,-16.8133809629,1107.078,999.42,453698.8,999.43,453720.6,0.1,0.3%,484
474,14.9018534341,-16.8067789857,1106.111,987.79,454686.6,987.79,454708.4,0.1,0.1%,485
475,14.9093429180,-16.8019935253,1106,958.03,455644.6,958.03,455666.4,0.0,0.0%,487
476,14.9169143100,-16.7966584790,1104.433,1000,456644.6,1000,456666.4,0.1,0.2%,487
477,14.9208276170,-16.7892695425,1103.071,917.98,457562.6,917.98,457584.4,0.1,0.1%,489
478,14.9245523227,-16.7829223185,1103.184,806.89,458369.5,806.89,458391.3,0.0,0.0%,491
479,14.9288548254,-16.7761468335,1101.361,878.99,459248.5,878.99,459270.3,0.1,0.2%,493
480,14.9379142149,-16.7750205229,1100.664,973.85,460222.4,973.85,460244.1,0.0,0.1%,495
481,14.9438553281,-16.7695141777,1099.149,878.94,461101.3,878.94,461123.1,0.1,0.2%,498
482,14.9477739754,-16.7613654217,1098.226,993.88,462095.2,993.88,462116.9,0.1,0.1%,499
483,14.9543947163,-16.7563109308,1097.552,900.66,462995.8,900.67,463017.6,0.0,0.1%,500
484,14.9605125422,-16.7511426994,1097.652,867.54,463863.4,867.54,463885.1,0.0,0.0%,501
485,14.9639264390,-16.7435376022,1095.248,916.98,464780.4,916.98,464802.1,0.2,0.3%,504
486,14.9692112389,-16.7365400603,1096.381,957.73,465738.1,957.73,465759.9,0.1,0.1%,505
487,14.9761684250,-16.7317015583,1097.557,914.93,466653,914.93,466674.8,0.1,0.1%,507
488,14.9764937419,-16.7226708249,1097.657,1000,467653,1000,467674.8,0.0,0.0%,507
489,14.9801381707,-16.7143776275,1098.424,996.68,468649.7,996.68,468671.5,0.0,0.1%,509
490,14.9814721998,-16.7054678073,1099.788,996.23,469645.9,996.23,469667.7,0.1,0.1%,510
491,14.9858919780,-16.6975127030,1100.988,998.62,470644.5,998.62,470666.3,0.1,0.1%,511
492,14.9850116090,-16.6889591264,1102.153,951.24,471595.8,951.24,471617.5,0.1,0.1%,513
493,14.9890256693,-16.6813125838,1102.213,948.36,472544.1,948.36,472565.9,0.0,0.0%,514
494,14.9948948408,-16.6742661887,1102.875,1000,473544.1,1000,473565.9,0.0,0.1%,514
495,14.9913546572,-16.6669018827,1104.154,898.22,474442.4,898.22,474464.1,0.1,0.1%,516
496,14.9986623449,-16.6621077207,1105.328,942.95,475385.3,942.95,475407.1,0.1,0.1%,518
497,15.0075371681,-16.6592108808,1105.021,999.53,476384.8,999.53,476406.6,0.0,0.0%,520
498,15.0144583996,-16.6536179614,1106.963,963.45,477348.3,963.45,477370.1,0.1,0.2%,521
499,15.0198840407,-16.6467268941,1106.316,957.39,478305.7,957.39,478327.5,0.0,0.1%,523
500,15.0194243750,-16.6379725143,1106.932,970.05,479275.7,970.05,479297.5,0.0,0.1%,524
501,15.0227629541,-16.6312295229,1107.236,826.87,480102.6,826.87,480124.4,0.0,0.0%,526
502,15.0283028077,-16.6257498829,1108.159,846.81,480949.4,846.81,480971.2,0.1,0.1%,528
503,15.0305567142,-16.6186431251,1108.195,822.42,481771.8,822.42,481793.6,0.0,0.0%,531
504,15.0309939226,-16.6105147131,1108.81,900.74,482672.6,900.74,482694.3,0.0,0.1%,532
505,15.0322314582,-16.6021170221,1109.636,938.67,483611.2,938.67,483633,0.1,0.1%,534
506,15.0389019458,-16.5962808145,1109.469,961.15,484572.4,961.15,484594.2,0.0,0.0%,536
507,15.0447968000,-16.5899300306,1110.887,943.21,485515.6,943.22,485537.4,0.1,0.2%,537
508,15.0535764140,-16.5868346678,1110.652,997.58,486513.2,997.58,486534.9,0.0,0.0%,538
509,15.0603151451,-16.5814231710,1110.936,935.84,487449,935.84,487470.8,0.0,0.0%,540
510,15.0590947859,-16.5730722828,1111.84,933.28,488382.3,933.28,488404.1,0.1,0.1%,542
511,15.0650619483,-16.5662465048,1112.336,988.01,489370.3,988.01,489392.1,0.0,0.1%,544
512,15.0706845479,-16.5593522807,1112.753,970.67,490341,970.67,490362.8,0.0,0.0%,545
513,15.0712586638,-16.5504386007,1114.04,988.33,491329.3,988.33,491351.1,0.1,0.1%,546
514,15.0753427924,-16.5433965059,1114.739,892.95,492222.3,892.95,492244,0.0,0.1%,548
515,15.0806295936,-16.5364463405,1115.013,953.96,493176.2,953.96,493198,0.0,0.0%,549
516,15.0889021562,-16.5393299249,1116.543,938.93,494115.1,938.93,494136.9,0.1,0.2%,551
517,15.0971673566,-16.5370714025,1116.014,916.97,495032.1,916.97,495053.9,0.0,0.1%,553
518,15.1018481724,-16.5308027216,1117,854.93,495887,854.93,495908.8,0.1,0.1%,554
519,15.1074337825,-16.5240991437,1117.031,951.77,496838.8,951.77,496860.6,0.0,0.0%,556
520,15.1160524261,-16.5205603540,1115.446,999.93,497838.7,999.94,497860.5,0.1,0.2%,557
521,15.1210664347,-16.5140256399,1115.478,899.71,498738.4,899.71,498760.2,0.0,0.0%,558
522,15.1269945925,-16.5075403550,1114.951,956.88,499695.3,956.88,499717.1,0.0,0.1%,559
523,15.1292329580,-16.4990588536,1113.448,968.54,500663.9,968.54,500685.7,0.1,0.2%,560
524,15.1322372835,-16.4913398989,1111.936,912.45,501576.3,912.45,501598.1,0.1,0.2%,561
525,15.1404481061,-16.4931868662,1110.627,900.17,502476.5,900.17,502498.3,0.1,0.1%,563
526,15.1475716643,-16.4971213479,1110.012,876.37,503352.9,876.37,503374.6,0.0,0.1%,564
527,15.1569061221,-16.4965450703,1110.661,998.64,504351.5,998.64,504373.3,0.0,0.1%,565
528,15.1631692742,-16.4901156500,1108.459,976.42,505327.9,976.43,505349.7,0.1,0.2%,567
529,15.1712179988,-16.4890188364,1108.606,867.89,506195.8,867.89,506217.6,0.0,0.0%,569
530,15.1803789930,-16.4876241644,1109.12,990.23,507186,990.23,507207.8,0.0,0.1%,570
531,15.1895273455,-16.4861003323,1108.834,991.23,508177.3,991.23,508199.1,0.0,0.0%,572
532,15.1982688953,-16.4850894612,1108.247,940.03,509117.3,940.03,509139.1,0.0,0.1%,574
533,15.2018116078,-16.4767721773,1109.528,995.12,510112.4,995.12,510134.2,0.1,0.1%,575
534,15.2098977563,-16.4749708590,1109.786,886.13,510998.5,886.13,511020.3,0.0,0.0%,577
535,15.2168661067,-16.4695576822,1110.001,955.25,511953.8,955.25,511975.6,0.0,0.0%,578
536,15.2241347934,-16.4642962560,1111.007,970.28,512924.1,970.28,512945.9,0.1,0.1%,579
537,15.2329549814,-16.4613190152,1112.118,997.82,513921.9,997.82,513943.7,0.1,0.1%,580
538,15.2407575014,-16.4564894245,1112.302,989.89,514911.8,989.89,514933.6,0.0,0.0%,581
539,15.2442180982,-16.4483258875,1112.234,976.07,515887.9,976.07,515909.7,0.0,0.0%,582
540,15.2469064549,-16.4396698935,1114.013,1000,516887.9,1000,516909.7,0.1,0.2%,582
541,15.2539676171,-16.4340343727,1115.011,978.59,517866.4,978.59,517888.2,0.1,0.1%,584
542,15.2603500613,-16.4279278094,1114.544,959.86,518826.3,959.86,518848.1,0.0,0.0%,585
543,15.2623997151,-16.4192804559,1115.419,981.66,519808,981.66,519829.8,0.1,0.1%,586
544,15.2651434195,-16.4109215558,1116.346,970.33,520778.3,970.33,520800.1,0.1,0.1%,588
545,15.2680345201,-16.4024864398,1117.372,983.21,521761.5,983.21,521783.3,0.1,0.1%,589
546,15.2716752233,-16.3947611906,1116.803,939.2,522700.7,939.2,522722.5,0.0,0.1%,591
547,15.2768678967,-16.3884901382,1116.571,888.42,523589.1,888.42,523610.9,0.0,0.0%,592
548,15.2790364832,-16.3797149969,1116.669,998.33,524587.5,998.33,524609.3,0.0,0.0%,593
549,15.2822383244,-16.3712236239,1116.546,1000,525587.5,1000,525609.3,0.0,0.0%,593
550,15.2826391157,-16.3627612645,1115.392,937.44,526524.9,937.44,526546.7,0.1,0.1%,594
551,15.2796138782,-16.3542100974,1115.694,999.97,527524.9,999.97,527546.7,0.0,0.0%,595
552,15.2776985986,-16.3453984640,1116.084,996.36,528521.2,996.36,528543,0.0,0.0%,596
553,15.2763316398,-16.3364588677,1115.601,1000,529521.2,1000,529543,0.0,0.0%,596
554,15.2741988654,-16.3276635922,1117.1,999.63,530520.9,999.63,530542.7,0.1,0.1%,597
555,15.2719846849,-16.3188836579,1116.922,1000,531520.9,1000,531542.7,0.0,0.0%,597
556,15.2684255637,-16.3106150563,1117.023,990.92,532511.8,990.92,532533.6,0.0,0.0%,598
557,15.2642267740,-16.3025904911,1117.731,994.95,533506.7,994.95,533528.5,0.0,0.1%,600
558,15.2647727161,-16.2936694151,1117.168,988.94,534495.7,988.95,534517.5,0.0,0.1%,601
559,15.2607435500,-16.2863685916,1117.198,915.52,535411.2,915.52,535433,0.0,0.0%,603
560,15.2619008952,-16.2775888249,1117.051,979.43,536390.6,979.43,536412.4,0.0,0.0%,605
561,15.2564851313,-16.2705222677,1115.177,972.94,537363.6,972.94,537385.4,0.1,0.2%,606
562,15.2511229400,-16.2637183018,1115.018,946.28,538309.8,946.28,538331.6,0.0,0.0%,607
563,15.2446942308,-16.2591207024,1115.308,855.04,539164.9,855.04,539186.7,0.0,0.0%,609
564,15.2407669964,-16.2517026479,1115.787,922.01,540086.9,922.01,540108.7,0.0,0.1%,611
565,15.2406910312,-16.2433568475,1115.554,923.59,541010.5,923.59,541032.3,0.0,0.0%,613
566,15.2401506801,-16.2343738277,1116,995.75,542006.2,995.75,542028,0.0,0.0%,614
567,15.2383809129,-16.2255004532,1115.448,1000,543006.2,1000,543028,0.0,0.1%,614
568,15.2326441965,-16.2189844719,1115.597,946.64,543952.9,946.64,543974.7,0.0,0.0%,616
569,15.2328704094,-16.2103831310,1115.166,952.14,544905,952.14,544926.8,0.0,0.0%,618
570,15.2272032192,-16.2049222260,1114.374,855.79,545760.8,855.79,545782.6,0.1,0.1%,620
571,15.2241251947,-16.1985564368,1114.825,777.54,546538.3,777.54,546560.1,0.0,0.1%,623
572,15.2274858660,-16.1904423869,1115,967.15,547505.5,967.15,547527.3,0.0,0.0%,624
573,15.2259327345,-16.1815948191,1115.044,993.06,548498.5,993.06,548520.3,0.0,0.0%,625
574,15.2212527704,-16.1740448108,1115,973.92,549472.5,973.92,549494.3,0.0,0.0%,627
575,15.2205752293,-16.1656004186,1116,937.27,550409.7,937.27,550431.5,0.1,0.1%,628
576,15.2217261646,-16.1566337449,1115.911,999.86,551409.6,999.86,551431.4,0.0,0.0%,629
577,15.2195381470,-16.1481520030,1116.977,967.32,552376.9,967.33,552398.7,0.1,0.1%,631
578,15.2146295780,-16.1406471941,1116.87,982.51,553359.4,982.51,553381.2,0.0,0.0%,632
579,15.2148370270,-16.1318109468,1116.803,978.07,554337.5,978.07,554359.3,0.0,0.0%,633
580,15.2147303279,-16.1230631980,1116.031,968.09,555305.6,968.09,555327.4,0.0,0.1%,634
581,15.2132410482,-16.1144666931,1116.839,964.54,556270.1,964.54,556291.9,0.0,0.1%,635
582,15.2128676539,-16.1055812505,1117.542,984.07,557254.2,984.07,557276,0.0,0.1%,637
583,15.2060452370,-16.0999114681,1117.804,962.47,558216.7,962.47,558238.5,0.0,0.0%,638
584,15.2050912403,-16.0910694048,1118.059,983.77,559200.4,983.77,559222.2,0.0,0.0%,639
585,15.2041032990,-16.0821501691,1118,992.64,560193.1,992.64,560214.9,0.0,0.0%,640
586,15.2003068404,-16.0739249216,1118.099,996.72,561189.8,996.72,561211.6,0.0,0.0%,641
587,15.2014974887,-16.0651257458,1118.055,982.01,562171.8,982.01,562193.6,0.0,0.0%,643
588,15.2023444344,-16.0561261862,1118.726,1000,563171.8,1000,563193.6,0.0,0.1%,643
589,15.2016617894,-16.0471255126,1120.024,998.68,564170.5,998.68,564192.3,0.1,0.1%,644
590,15.2000493501,-16.0383868552,1119.184,982.29,565152.8,982.29,565174.6,0.0,0.1%,645
591,15.1968014867,-16.0305084879,1120.691,938.54,566091.3,938.55,566113.1,0.1,0.2%,646
592,15.2018317954,-16.0230782017,1121.043,982.79,567074.1,982.79,567095.9,0.0,0.0%,648
593,15.1966530054,-16.0176162747,1120.37,820.07,567894.2,820.07,567916,0.0,0.1%,651
594,15.1919868839,-16.0131639936,1120.234,701.52,568595.7,701.52,568617.5,0.0,0.0%,653
595,15.1975669222,-16.0081867581,1120.051,812.42,569408.1,812.42,569429.9,0.0,0.0%,655
596,15.1919713634,-16.0013759668,1120.332,962.66,570370.8,962.66,570392.6,0.0,0.0%,656
597,15.1942825934,-15.9930181988,1120.471,957.37,571328.2,957.37,571350,0.0,0.0%,658
598,15.1966040410,-15.9842782390,1120.197,998.56,572326.7,998.56,572348.5,0.0,0.0%,659
599,15.1954417989,-15.9767349633,1120.538,843.95,573170.7,843.95,573192.5,0.0,0.0%,661
600,15.1921134569,-15.9712464807,1120.341,704.14,573874.8,704.14,573896.6,0.0,0.0%,663
601,15.1951497858,-15.9629326131,1121,975.73,574850.5,975.73,574872.3,0.0,0.1%,664
602,15.1945698879,-15.9554729594,1122.009,827.8,575678.3,827.8,575700.2,0.1,0.1%,666
603,15.1998556785,-15.9494081505,1121,877.86,576556.2,877.86,576578,0.1,0.1%,668
604,15.1954253943,-15.9416696676,1121.507,978.92,577535.1,978.92,577556.9,0.0,0.1%,669
605,15.1982820776,-15.9333435664,1122.133,970.79,578505.9,970.79,578527.7,0.0,0.1%,670
606,15.2023643149,-15.9252156505,1121.148,1000,579505.9,1000,579527.7,0.1,0.1%,670
607,15.2032437224,-15.9165208336,1121.899,966.75,580472.7,966.75,580494.5,0.0,0.1%,672
608,15.1997058789,-15.9081575344,1121.003,1000,581472.7,1000,581494.5,0.1,0.1%,672
609,15.2050238605,-15.9014687353,1123.227,933.89,582406.5,933.89,582428.4,0.1,0.2%,673
610,15.2075251478,-15.8931799772,1122.885,955.53,583362.1,955.53,583383.9,0.0,0.0%,676
611,15.2069850165,-15.8841582185,1123,1000,584362.1,1000,584383.9,0.0,0.0%,676
612,15.2036810706,-15.8760420905,1123.497,965.3,585327.4,965.3,585349.2,0.0,0.1%,678
613,15.1963611833,-15.8704320154,1123.846,1000,586327.4,1000,586349.2,0.0,0.0%,679
614,15.2024326024,-15.8663309835,1123.005,792.97,587120.3,792.97,587142.2,0.1,0.1%,680
615,15.2109040251,-15.8641947443,1122.69,937.63,588058,937.63,588079.8,0.0,0.0%,681
616,15.2146884467,-15.8561194694,1123.323,981.23,589039.2,981.23,589061,0.0,0.1%,683
617,15.2102343813,-15.8492943819,1122.319,893.31,589932.5,893.31,589954.3,0.1,0.1%,685
618,15.2138764383,-15.8409957980,1123.417,997.73,590930.2,997.73,590952.1,0.1,0.1%,686
619,15.2123477416,-15.8327847450,1124.047,923.25,591853.5,923.25,591875.3,0.0,0.1%,687
620,15.2086987618,-15.8246679428,1124.572,979.56,592833,979.56,592854.9,0.0,0.1%,688
621,15.2152923731,-15.8182712439,1125.822,999.99,593833,1000,593854.9,0.1,0.1%,688
622,15.2207918401,-15.8112735977,1124.318,973,594806,973,594827.9,0.1,0.2%,689
623,15.2230807059,-15.8025125626,1125.591,1000,595806,1000,595827.9,0.1,0.1%,689
624,15.2226662761,-15.7935094928,1126.107,997.24,596803.3,997.24,596825.1,0.0,0.1%,692
625,15.2241127744,-15.7845902062,1125.167,999.07,597802.3,999.07,597824.2,0.1,0.1%,693
626,15.2224657366,-15.7757132001,1124.485,998.03,598800.4,998.03,598822.2,0.0,0.1%,694
627,15.2192874699,-15.7672164539,1124.874,1000,599800.4,1000,599822.2,0.0,0.0%,694
628,15.2174982254,-15.7584903306,1125.085,984.45,600784.8,984.45,600806.6,0.0,0.0%,695
629,15.2171818840,-15.7494921769,1126.071,996.28,601781.1,996.28,601802.9,0.1,0.1%,696
630,15.2140779255,-15.7412450491,1125.035,971.33,602752.4,971.33,602774.3,0.1,0.1%,697
631,15.2077630385,-15.7345921460,1126.133,1000,603752.4,1000,603774.3,0.1,0.1%,697
632,15.2112972354,-15.7265739537,1123.985,964.73,604717.2,964.73,604739,0.1,0.2%,698
633,15.2154318724,-15.7184728496,1127.39,999.99,605717.2,1000,605739,0.2,0.3%,699
634,15.2195665271,-15.7103717657,1125.647,1000,606717.1,1000,606739,0.1,0.2%,699
635,15.2237011819,-15.7022706818,1127.001,1000,607717.2,1000,607739,0.1,0.1%,699
636,15.2278019108,-15.6941598729,1126.224,999.37,608716.5,999.37,608738.4,0.0,0.1%,700
637,15.2289244218,-15.6851954641,1126.051,999.23,609715.8,999.23,609737.6,0.0,0.0%,701
638,15.2331049840,-15.6771168102,1128.211,1000,610715.8,1000,610737.6,0.1,0.2%,701
639,15.2366506552,-15.6688375416,1127.127,991.87,611707.6,991.87,611729.5,0.1,0.1%,702
640,15.2362679563,-15.6605333323,1130.046,919.82,612627.4,919.82,612649.3,0.2,0.3%,703
641,15.2285907791,-15.6555380621,1126.668,991.48,613618.9,991.49,613640.8,0.2,0.3%,704
642,15.2225360429,-15.6494890581,1128.227,932.45,614551.4,932.45,614573.2,0.1,0.2%,705
643,15.2149938990,-15.6467270738,1127.693,864.49,615415.9,864.49,615437.7,0.0,0.1%,707
644,15.2057257936,-15.6460674771,1128.572,996.41,616412.3,996.41,616434.1,0.1,0.1%,708
645,15.1968309714,-15.6443224412,1128.234,973.07,617385.3,973.07,617407.2,0.0,0.0%,709
646,15.1934631807,-15.6364053780,1132.141,947.57,618332.9,947.58,618354.8,0.2,0.4%,710
647,15.1935419635,-15.6273966042,1126.801,996.9,619329.8,996.92,619351.7,0.3,0.5%,712
648,15.1940309003,-15.6183719262,1127.689,1000,620329.8,1000,620351.7,0.1,0.1%,712
649,15.1987379079,-15.6109349678,1127.267,965.41,621295.2,965.41,621317.1,0.0,0.0%,713
650,15.2057909554,-15.6052601658,1128.084,983.06,622278.3,983.06,622300.2,0.0,0.1%,714
651,15.2126012314,-15.5992912438,1130.579,984.72,623263,984.72,623284.9,0.1,0.3%,715
652,15.2201843960,-15.5945239729,1129.156,969.37,624232.4,969.37,624254.3,0.1,0.1%,717
653,15.2268876582,-15.5882423186,1128.06,1000,625232.4,1000,625254.3,0.1,0.1%,717
654,15.2356538603,-15.5855579275,1133.383,986,626218.4,986.01,626240.3,0.3,0.5%,718
655,15.2406679238,-15.5792341239,1127.746,882.53,627100.9,882.55,627122.8,0.4,0.6%,720
656,15.2390338129,-15.5705191412,1128.91,980.15,628081.1,980.15,628103,0.1,0.1%,721
657,15.2450951496,-15.5646846232,1129.483,916.25,628997.3,916.25,629019.2,0.0,0.1%,723
658,15.2527388445,-15.5687195018,1132.421,933.56,629930.9,933.57,629952.8,0.2,0.3%,724
659,15.2605469263,-15.5682177858,1128.358,839.34,630770.2,839.35,630792.1,0.3,0.5%,726
660,15.2671503255,-15.5618383124,1128.903,1000,631770.2,1000,631792.1,0.0,0.1%,726
661,15.2697342712,-15.5531623422,1130.33,999.24,632769.4,999.24,632791.4,0.1,0.1%,727
662,15.2698327151,-15.5442336568,1132.239,988.05,633757.5,988.05,633779.4,0.1,0.2%,728
663,15.2658423291,-15.5360777771,1134.128,998.86,634756.4,998.86,634778.3,0.1,0.2%,729
664,15.2606881244,-15.5288669816,1133.055,970.77,635727.1,970.77,635749.1,0.1,0.1%,730
665,15.2546910986,-15.5224647821,1134.589,956.98,636684.1,956.98,636706,0.1,0.2%,731
666,15.2544787345,-15.5136726885,1133.074,973.15,637657.3,973.15,637679.2,0.1,0.2%,732
667,15.2555027996,-15.5047139033,1133.277,997.39,638654.6,997.39,638676.6,0.0,0.0%,733
668,15.2537634127,-15.4958354747,1131.727,1000,639654.6,1000,639676.6,0.1,0.2%,733
669,15.2550205919,-15.4869365814,1132.362,993.89,640648.5,993.89,640670.5,0.0,0.1%,734
670,15.2566307947,-15.4780352771,1132.161,1000,641648.5,1000,641670.5,0.0,0.0%,734
671,15.2564313133,-15.4690360992,1132.495,996.02,642644.6,996.02,642666.5,0.0,0.0%,735
672,15.2558516785,-15.4600163613,1132.037,1000,643644.6,1000,643666.5,0.0,0.0%,735
673,15.2561715454,-15.4510807546,1132.313,989.35,644633.9,989.35,644655.8,0.0,0.0%,736
674,15.2614126987,-15.4438696609,1131.2,976.27,645610.2,976.27,645632.1,0.1,0.1%,738
675,15.2677381804,-15.4372342108,1133.169,1000,646610.2,1000,646632.1,0.1,0.2%,738
676,15.2726173847,-15.4295936563,1132.33,994.5,647604.7,994.5,647626.6,0.0,0.1%,739
677,15.2770617711,-15.4216509206,1131.52,1000,648604.7,1000,648626.6,0.0,0.1%,739
678,15.2825921955,-15.4143790308,1134.017,999.93,649604.6,999.94,649626.6,0.1,0.2%,740
679,15.2881295800,-15.4071114402,1133.454,1000,650604.6,1000,650626.6,0.0,0.1%,740
680,15.2869609694,-15.3984567278,1136.366,965.85,651570.5,965.85,651592.4,0.2,0.3%,741
681,15.2835867190,-15.3901487450,1134.105,988.09,652558.6,988.09,652580.5,0.1,0.2%,742
682,15.2789144393,-15.3823305192,1136.402,1000,653558.6,1000,653580.5,0.1,0.2%,742
683,15.2814264443,-15.3739136866,1135.464,969.6,654528.2,969.6,654550.1,0.1,0.1%,743
684,15.2882402055,-15.3691320017,1135.575,902.83,655431,902.83,655452.9,0.0,0.0%,744
685,15.2960741531,-15.3645726640,1135.044,980.79,656411.8,980.79,656433.7,0.0,0.1%,746
686,15.2997896665,-15.3562856087,1135.689,1000,657411.8,1000,657433.7,0.0,0.1%,746
687,15.3067832043,-15.3514348608,1134.387,923.02,658334.8,923.02,658356.8,0.1,0.1%,747
688,15.3143077017,-15.3464711490,1135.609,976.95,659311.7,976.95,659333.7,0.1,0.1%,749
689,15.3188273795,-15.3386379341,1136.349,993.38,660305.1,993.38,660327.1,0.0,0.1%,750
690,15.3206896051,-15.3297911017,1133.939,999.14,661304.3,999.14,661326.2,0.1,0.2%,751
691,15.3202261174,-15.3207680613,1137.968,999.66,662303.9,999.66,662325.9,0.2,0.4%,752
692,15.3171010758,-15.3123983459,1140.92,985.05,663289,985.06,663310.9,0.2,0.3%,753
693,15.3091410265,-15.3085151274,1137.298,956.77,664245.7,956.78,664267.7,0.2,0.4%,755
694,15.2998403977,-15.3089507748,1142.058,1000,665245.7,1000,665267.7,0.3,0.5%,755
695,15.2920310830,-15.3047810023,1138.783,957.22,666203,957.23,666225,0.2,0.3%,756
696,15.2907002668,-15.2962875906,1137.269,950.62,667153.6,950.62,667175.6,0.1,0.2%,758
697,15.2959995818,-15.2892353893,1139.178,965.85,668119.4,965.85,668141.4,0.1,0.2%,759
698,15.3028147489,-15.2831110145,1136.463,997.52,669117,997.52,669139,0.2,0.3%,760
699,15.3068719522,-15.2750660815,1138.946,991.13,670108.1,991.13,670130.1,0.1,0.3%,761
700,15.3072273511,-15.2661751689,1137.828,984.53,671092.6,984.53,671114.6,0.1,0.1%,762
701,15.3053969786,-15.2573271584,1139.857,998.59,672091.2,998.59,672113.2,0.1,0.2%,763
702,15.3033631532,-15.2485080749,1143.513,1000,673091.2,1000,673113.2,0.2,0.4%,764
703,15.3013329014,-15.2396882355,1146.849,1000,674091.2,1000,674113.2,0.2,0.3%,764
704,15.2992331498,-15.2308922585,1149.598,999.08,675090.3,999.09,675112.3,0.2,0.3%,765
705,15.2951019930,-15.2227937562,1149.982,1000,676090.3,1000,676112.3,0.0,0.0%,765
706,15.2885709034,-15.2168428304,1150.721,962.27,677052.6,962.27,677074.6,0.0,0.1%,766
707,15.2827831518,-15.2101666243,1148.047,965.62,678018.2,965.62,678040.2,0.2,0.3%,767
708,15.2807534171,-15.2014122494,1147.088,992.92,679011.1,992.93,679033.1,0.1,0.1%,768
709,15.2829665469,-15.1927633625,1147.053,986.11,679997.2,986.11,680019.2,0.0,0.0%,769
710,15.2866829425,-15.1845895148,1151.66,988.68,680985.9,988.69,681007.9,0.3,0.5%,770
711,15.2917640701,-15.1770492472,1150.837,997.12,681983,997.12,682005.1,0.0,0.1%,771
712,15.2959541807,-15.1689798157,1149.75,1000,682983,1000,683005.1,0.1,0.1%,771
713,15.3039087488,-15.1656450320,1153.041,931.09,683914.1,931.09,683936.1,0.2,0.4%,772
714,15.3130066380,-15.1637482304,1153.927,1000,684914.1,1000,684936.2,0.1,0.1%,772
715,15.3168293115,-15.1561720457,1157.345,933.56,685847.7,933.57,685869.7,0.2,0.4%,773
716,15.3191402074,-15.1475696299,1161.284,983.73,686831.4,983.73,686853.5,0.2,0.4%,774
717,15.3165113200,-15.1389004021,1166.301,1000,687831.4,1000,687853.5,0.3,0.5%,774
718,15.3138824326,-15.1302311743,1162.3,1000,688831.4,1000,688853.5,0.2,0.4%,774
719,15.3126423969,-15.1214410353,1162.604,981.72,689813.1,981.72,689835.2,0.0,0.0%,775
720,15.3165954476,-15.1134578298,1166.256,980.23,690793.3,980.23,690815.4,0.2,0.4%,776
721,15.3215709638,-15.1058215397,1165.072,1000,691793.3,1000,691815.4,0.1,0.1%,776
722,15.3201707479,-15.0972622820,1167.799,958.97,692752.3,958.97,692774.4,0.2,0.3%,778
723,15.3162517630,-15.0890659806,1167.215,1000,693752.3,1000,693774.4,0.0,0.1%,778
724,15.3130189919,-15.0806970427,1166.084,989.09,694741.4,989.09,694763.5,0.1,0.1%,779
725,15.3123511881,-15.0716828150,1166.809,1000,695741.4,1000,695763.5,0.0,0.1%,779
726,15.3082161649,-15.0636373011,1170.017,995.07,696736.5,995.08,696758.6,0.2,0.3%,780
727,15.3030043475,-15.0570396142,1171.501,920.31,697656.8,920.31,697678.9,0.1,0.2%,782
728,15.2951106366,-15.0526597743,1173.674,977.37,698634.1,977.37,698656.2,0.1,0.2%,783
729,15.2891231224,-15.0457443552,1176.045,1000,699634.1,1000,699656.2,0.1,0.2%,783
730,15.2849545303,-15.0376690430,1175.697,999.66,700633.8,999.66,700655.9,0.0,0.0%,784
731,15.2808083946,-15.0295794108,1175.478,1000,701633.8,1000,701655.9,0.0,0.0%,784
732,15.2762228266,-15.0217341529,1179.114,998.36,702632.2,998.36,702654.3,0.2,0.4%,785
733,15.2711509045,-15.0141593631,1178.468,999.99,703632.2,999.99,703654.3,0.0,0.1%,785
734,15.2660789823,-15.0065845733,1179.347,1000,704632.2,1000,704654.3,0.1,0.1%,785
735,15.2628542015,-14.9983896234,1177.764,970.82,705603,970.83,705625.1,0.1,0.2%,787
736,15.2620416960,-14.9893865809,1179.777,1000,706603,1000,706625.1,0.1,0.2%,787
737,15.2622690406,-14.9803703684,1182.375,997.93,707600.9,997.93,707623,0.1,0.3%,788
738,15.2613367417,-14.9716083602,1182.908,974.68,708575.6,974.68,708597.7,0.0,0.1%,789
739,15.2576169091,-14.9633257830,1183.559,1000,709575.6,1000,709597.7,0.0,0.1%,789
740,15.2538970765,-14.9550432059,1183.324,1000,710575.6,1000,710597.7,0.0,0.0%,789
741,15.2499504653,-14.9468827478,1183.45,997.77,711573.4,997.77,711595.5,0.0,0.0%,790
742,15.2432841272,-14.9409118251,1182.237,975.09,712548.4,975.09,712570.6,0.1,0.1%,792
743,15.2352336870,-14.9363937654,1184.054,1000,713548.4,1000,713570.6,0.1,0.2%,792
744,15.2265827575,-14.9374537606,1185.951,938.05,714486.5,938.05,714508.6,0.1,0.2%,793
745,15.2177437710,-14.9402507791,1186.169,1000,715486.5,1000,715508.6,0.0,0.0%,794
746,15.2088577457,-14.9428464010,1184.152,998.17,716484.7,998.17,716506.8,0.1,0.2%,795
747,15.1996415362,-14.9440244743,1184.194,1000,717484.7,1000,717506.8,0.0,0.0%,795
748,15.1903747898,-14.9437190950,1185.278,997.48,718482.1,997.48,718504.3,0.1,0.1%,796
749,15.1822310351,-14.9396475362,1184.798,985.15,719467.3,985.15,719489.4,0.0,0.0%,797
750,15.1768382040,-14.9323958339,1184.749,990.16,720457.4,990.16,720479.6,0.0,0.0%,798
751,15.1717672604,-14.9248215894,1186.01,1000,721457.5,1000,721479.6,0.1,0.1%,798
752,15.1630704353,-14.9231832185,1185.059,953.08,722410.5,953.08,722432.7,0.1,0.1%,800
753,15.1576956308,-14.9303069996,1186.643,977.6,723388.1,977.6,723410.3,0.1,0.2%,801
754,15.1508543454,-14.9354911357,1185,933.14,724321.3,933.14,724343.4,0.1,0.2%,803
755,15.1419491228,-14.9336405398,1186.391,979.69,725301,979.69,725323.1,0.1,0.1%,804
756,15.1342125813,-14.9288289863,1185.368,988.04,726289,988.04,726311.1,0.1,0.1%,805
757,15.1282546876,-14.9220681865,1185.274,985.13,727274.1,985.13,727296.3,0.0,0.0%,806
758,15.1241071844,-14.9139802262,1186.421,1000,728274.1,1000,728296.3,0.1,0.1%,806
759,15.1173858507,-14.9090695329,1186.458,904.56,729178.7,904.56,729200.8,0.0,0.0%,808
760,15.1083264208,-14.9070546567,1186.146,999.93,730178.6,999.93,730200.7,0.0,0.0%,809
761,15.0990630230,-14.9063226264,1186.104,1000,731178.6,1000,731200.7,0.0,0.0%,809
762,15.0913334321,-14.9021975254,1188.429,948.7,732127.3,948.71,732149.4,0.1,0.2%,810
763,15.0863386766,-14.8945899995,1189.051,998.7,733126,998.7,733148.1,0.0,0.1%,811
764,15.0826434670,-14.8863696903,1189.126,992.67,734118.7,992.67,734140.8,0.0,0.0%,812
765,15.0797941978,-14.8777672778,1188.747,1000,735118.7,1000,735140.8,0.0,0.0%,812
766,15.0762147586,-14.8694935664,1189.641,993.2,736111.9,993.2,736134,0.1,0.1%,813
767,15.0725295214,-14.8615073724,1191.365,968.57,737080.5,968.57,737102.6,0.1,0.2%,814
768,15.0745458576,-14.8529467143,1191.41,971.75,738052.2,971.75,738074.3,0.0,0.0%,815
769,15.0732490084,-14.8450910626,1191.721,880.34,738932.6,880.34,738954.7,0.0,0.0%,817
770,15.0664673930,-14.8389132858,1192.567,1000,739932.6,1000,739954.7,0.0,0.1%,817
771,15.0606388252,-14.8319518009,1193.256,993.41,740926,993.41,740948.1,0.0,0.1%,818
772,15.0535355713,-14.8268465248,1191.131,950.6,741876.6,950.61,741898.7,0.1,0.2%,819
773,15.0485997658,-14.8198137026,1194.071,942.23,742818.8,942.23,742840.9,0.2,0.3%,820
774,15.0448614610,-14.8115399395,1194.798,1000,743818.8,1000,743840.9,0.0,0.1%,820
775,15.0429642315,-14.8027199397,1195.937,997.05,744815.8,997.05,744838,0.1,0.1%,821
776,15.0413200391,-14.7938248651,1195.54,1000,745815.8,1000,745838,0.0,0.0%,821
777,15.0396758466,-14.7849297906,1196.631,1000,746815.8,1000,746838,0.1,0.1%,821
778,15.0350818004,-14.7770956703,1198.977,998,747813.8,998,747836,0.1,0.2%,822
779,15.0321767538,-14.7686885172,1199.009,981.39,748795.2,981.39,748817.4,0.0,0.0%,823
780,15.0365566411,-14.7614106921,1200.561,933.18,749728.4,933.18,749750.6,0.1,0.2%,824
781,15.0423361120,-14.7543830099,1202.775,995.93,750724.3,995.93,750746.5,0.1,0.2%,825
782,15.0441617714,-14.7458951495,1203.208,959.5,751683.8,959.5,751706,0.0,0.0%,826
783,15.0420922147,-14.7370905361,1221.965,999.36,752683.2,999.54,752705.5,1.1,1.9%,827
784,15.0399533011,-14.7282957003,1222,1000,753683.2,1000,753705.5,0.0,0.0%,827
785,15.0398750405,-14.7192912647,1222,996.34,754679.5,996.34,754701.9,0.0,0.0%,828
786,15.0400992522,-14.7102560629,1222,1000,755679.5,1000,755701.9,0.0,0.0%,828
787,15.0403234638,-14.7012208612,1222,1000,756679.5,1000,756701.9,0.0,0.0%,828
788,15.0344905721,-14.6968891638,1222,790.16,757469.7,790.16,757492,0.0,0.0%,830
789,15.0264196839,-14.6965880166,1222.924,869.88,758339.6,869.88,758361.9,0.1,0.1%,831
790,15.0338586464,-14.6911797846,1222,999.99,759339.6,999.99,759361.9,0.1,0.1%,831
791,15.0409926908,-14.6855282016,1222,990.67,760330.2,990.67,760352.6,0.0,0.0%,832
792,15.0449830203,-14.6773676624,1222,1000,761330.2,1000,761352.6,0.0,0.0%,832
793,15.0521738056,-14.6737677615,1222,870.94,762201.2,870.94,762223.5,0.0,0.0%,834
794,15.0611974362,-14.6729876264,1222,975.78,763177,975.78,763199.3,0.0,0.0%,835
795,15.0666960949,-14.6661697433,1222,959.1,764136.1,959.1,764158.4,0.0,0.0%,836
796,15.0707143826,-14.6580586836,1222,996.38,765132.4,996.38,765154.8,0.0,0.0%,837
797,15.0739765750,-14.6495972401,1222,1000,766132.4,1000,766154.8,0.0,0.0%,837
798,15.0772387674,-14.6411357967,1222,1000,767132.4,1000,767154.8,0.0,0.0%,837
799,15.0799144785,-14.6325270095,1222,995.18,768127.6,995.18,768150,0.0,0.0%,838
800,15.0849869989,-14.6253869689,1222.495,960.6,769088.2,960.6,769110.6,0.0,0.1%,840
801,15.0933211119,-14.6214083304,1223.137,1000,770088.2,1000,770110.6,0.0,0.1%,840
802,15.1009857076,-14.6165545045,1223.13,985.05,771073.3,985.05,771095.6,0.0,0.0%,841
803,15.1051852193,-14.6086506387,1222.818,984.64,772057.9,984.64,772080.2,0.0,0.0%,842
804,15.1037532234,-14.5999011264,1225.108,980.31,773038.2,980.31,773060.6,0.1,0.2%,844
805,15.1008155725,-14.5914797407,1229.363,984.08,774022.3,984.09,774044.6,0.2,0.4%,845
806,15.0959098407,-14.5847262108,1230.503,915.31,774937.6,915.32,774960,0.1,0.1%,847
807,15.0953087804,-14.5759785791,1230.036,970.04,775907.7,970.04,775930,0.0,0.0%,848
808,15.0995251034,-14.5682627374,1230.07,967.09,776874.8,967.09,776897.1,0.0,0.0%,850
809,15.1075610280,-14.5637433213,1232,999.99,777874.7,999.99,777897.1,0.1,0.2%,850
810,15.1155969527,-14.5592239052,1232.499,1000,778874.7,1000,778897.1,0.0,0.0%,850
811,15.1213800132,-14.5524662766,1233.09,973.38,779848.1,973.38,779870.5,0.0,0.1%,851
812,15.1281333062,-14.5484612023,1232.354,852.11,780700.2,852.11,780722.6,0.0,0.1%,852
813,15.1370610227,-14.5485296414,1234.761,962.2,781662.4,962.2,781684.8,0.1,0.3%,853
814,15.1425756175,-14.5412611372,1233.979,1000,782662.4,1000,782684.8,0.0,0.1%,853
815,15.1509278167,-14.5392667235,1234.35,926.83,783589.3,926.83,783611.6,0.0,0.0%,855
816,15.1597767476,-14.5419847644,1235.164,1000,784589.3,1000,784611.6,0.0,0.1%,855
817,15.1683032971,-14.5407410423,1234.129,929.21,785518.5,929.21,785540.8,0.1,0.1%,856
818,15.1752828553,-14.5349928394,1234.452,985.07,786503.5,985.07,786525.9,0.0,0.0%,857
819,15.1797782513,-14.5273425047,1234.439,975.33,787478.9,975.33,787501.2,0.0,0.0%,858
820,15.1866695390,-14.5217813209,1233.354,964.53,788443.4,964.53,788465.7,0.1,0.1%,860
821,15.1955995515,-14.5193307132,1232.703,1000,789443.4,1000,789465.7,0.0,0.1%,860
822,15.2043889752,-14.5166737550,1234.651,991.95,790435.3,991.96,790457.7,0.1,0.2%,861
823,15.2101755518,-14.5096093472,1234.021,1000,791435.3,1000,791457.7,0.0,0.1%,861
824,15.2171938517,-14.5037672206,1236.106,995.07,792430.4,995.07,792452.8,0.1,0.2%,862
825,15.2227154354,-14.4966273822,1236.448,989.11,793419.5,989.11,793441.9,0.0,0.0%,863
826,15.2276832189,-14.4889946102,1236.845,1000,794419.5,1000,794441.9,0.0,0.0%,863
827,15.2336996378,-14.4824304577,1236.929,973.73,795393.3,973.73,795415.6,0.0,0.0%,864
828,15.2400761548,-14.4765492886,1237.245,946.57,796339.8,946.57,796362.2,0.0,0.0%,865
829,15.2399428759,-14.4677539053,1239.207,973.26,797313.1,973.26,797335.4,0.1,0.2%,866
830,15.2384909387,-14.4588272976,1237.056,1000,798313.1,1000,798335.4,0.1,0.2%,866
831,15.2346821298,-14.4508237854,1239.095,976.12,799289.2,976.12,799311.6,0.1,0.2%,867
832,15.2388031974,-14.4467220599,1238.587,635.14,799924.3,635.14,799946.7,0.0,0.1%,868
833,15.2477443448,-14.4443210903,1239.95,999.99,800924.3,999.99,800946.7,0.1,0.1%,868
834,15.2566854922,-14.4419201206,1239.655,1000,801924.3,1000,801946.7,0.0,0.0%,868
835,15.2656266396,-14.4395191510,1244.047,1000,802924.3,1000,802946.7,0.3,0.4%,868
836,15.2742933335,-14.4365923278,1244.308,989.02,803913.4,989.02,803935.7,0.0,0.0%,870
837,15.2797581610,-14.4295414566,1244.578,977.67,804891,977.67,804913.4,0.0,0.0%,871
838,15.2838917064,-14.4214516083,1244.468,999.93,805890.9,999.93,805913.3,0.0,0.0%,872
839,15.2899091823,-14.4159902564,1244.74,886.68,806777.6,886.68,806800,0.0,0.0%,874
840,15.2968685856,-14.4204952250,1247.229,900.92,807678.5,900.92,807700.9,0.2,0.3%,876
841,15.3055363168,-14.4219063192,1248.161,947.63,808626.2,947.63,808648.6,0.1,0.1%,878
842,15.3145744828,-14.4198833230,1254.301,1000,809626.2,1000,809648.6,0.4,0.6%,878
843,15.3222459525,-14.4156252341,1256.617,952.01,810578.2,952.01,810600.6,0.1,0.2%,879
844,15.3271520132,-14.4199470048,1258.453,713.12,811291.3,713.13,811313.7,0.1,0.3%,881
845,15.3336739925,-14.4221253107,1259.38,743.44,812034.8,743.45,812057.2,0.1,0.1%,882
846,15.3415191047,-14.4248056580,1261.178,896.44,812931.2,896.44,812953.6,0.1,0.2%,883
847,15.3480376045,-14.4312190788,1258.104,998.8,813930,998.8,813952.4,0.2,0.3%,884
848,15.3568302692,-14.4330880342,1260.747,970.39,814900.4,970.4,814922.8,0.2,0.3%,885
849,15.3648544287,-14.4298198519,1261.474,937.76,815838.1,937.76,815860.6,0.0,0.1%,887
850,15.3728026680,-14.4260862157,1262.104,951.43,816789.6,951.43,816812,0.0,0.1%,889
851,15.3747321978,-14.4185554032,1262.312,858.82,817648.4,858.82,817670.8,0.0,0.0%,890
852,15.3815195866,-14.4186088778,1262.164,731.95,818380.3,731.95,818402.7,0.0,0.0%,892
853,15.3873211883,-14.4121417783,1261.655,950.48,819330.8,950.48,819353.2,0.0,0.1%,894
854,15.3940310488,-14.4068256083,1262.55,932.5,820263.3,932.5,820285.7,0.1,0.1%,895
855,15.3982196146,-14.3987621493,1265.884,1000,821263.3,1000,821285.7,0.2,0.3%,895
856,15.4040619645,-14.3921479704,1269.538,965.69,822229,965.69,822251.4,0.2,0.4%,896
857,15.4131059500,-14.3906167528,1271.525,989.99,823219,989.99,823241.4,0.1,0.2%,897
858,15.4201737576,-14.3850539488,1274.935,979.73,824198.7,979.74,824221.1,0.2,0.3%,900
859,15.4285040111,-14.3810854207,1272.096,1000,825198.7,1000,825221.2,0.2,0.3%,900
860,15.4370172225,-14.3778007190,1275.654,987.5,826186.2,987.5,826208.7,0.2,0.4%,901
861,15.4460921848,-14.3770866944,1275.628,981.97,827168.2,981.97,827190.6,0.0,0.0%,902
862,15.4500359563,-14.3702295326,1275.9,869.8,828038,869.8,828060.4,0.0,0.0%,903
863,15.4582973162,-14.3740658898,1274.505,986.99,829025,986.99,829047.4,0.1,0.1%,904
864,15.4667721178,-14.3717380915,1274.811,949.66,829974.6,949.66,829997.1,0.0,0.0%,906
865,15.4743764177,-14.3672939229,1275.76,956.3,830930.9,956.3,830953.4,0.1,0.1%,907
866,15.4798354100,-14.3608401561,1276,925.52,831856.4,925.52,831878.9,0.0,0.0%,909
867,15.4831950781,-14.3540253488,1276,836.57,832693,836.57,832715.5,0.0,0.0%,910
868,15.4909341537,-14.3572131592,1277.428,906.24,833599.3,906.24,833621.7,0.1,0.2%,911
869,15.4985607950,-14.3539752595,1278.626,897.27,834496.5,897.28,834519,0.1,0.1%,912
870,15.5059897819,-14.3486042529,1279.457,997.65,835494.2,997.65,835516.6,0.0,0.1%,913
871,15.5130788195,-14.3427801553,1278.793,1000,836494.2,1000,836516.6,0.0,0.1%,913
872,15.5172220329,-14.3350116479,1282.214,968.79,837463,968.79,837485.4,0.2,0.4%,916
873,15.5231536735,-14.3406056137,1282.075,890.23,838353.2,890.23,838375.6,0.0,0.0%,916
874,15.5305092669,-14.3384810091,1283.308,827.56,839180.8,827.56,839203.2,0.1,0.1%,918
875,15.5394053581,-14.3395958545,1280.924,967.55,840148.3,967.55,840170.8,0.1,0.2%,919
876,15.5411308530,-14.3329749650,1282.39,755.83,840904.1,755.83,840926.6,0.1,0.2%,921
877,15.5450428749,-14.3294454638,1283.63,574.98,841479.1,574.98,841501.6,0.1,0.2%,923
878,15.5538260267,-14.3312397348,1282.652,968.08,842447.2,968.08,842469.7,0.1,0.1%,924
879,15.5583462603,-14.3263742901,1282.915,726.35,843173.5,726.35,843196,0.0,0.0%,926
880,15.5582129279,-14.3173883085,1285.721,994.33,844167.9,994.34,844190.3,0.2,0.3%,927
881,15.5597871596,-14.3084814712,1286.096,1000,845167.9,1000,845190.3,0.0,0.0%,927
882,15.5613613913,-14.2995746340,1287.029,1000,846167.9,1000,846190.3,0.1,0.1%,927
883,15.5667339960,-14.2927076187,1287.134,955.66,847123.5,955.66,847146,0.0,0.0%,929
884,15.5753307562,-14.2895378255,1288.183,991.65,848115.2,991.65,848137.7,0.1,0.1%,930
885,15.5824396919,-14.2850677836,1289.015,912.67,849027.9,912.67,849050.3,0.1,0.1%,931
886,15.5907192942,-14.2875716842,1292.037,935.33,849963.2,935.33,849985.7,0.2,0.3%,934
887,15.5974893989,-14.2839304722,1294.013,834.22,850797.4,834.22,850819.9,0.1,0.2%,935
888,15.6045953214,-14.2792216111,1295.282,927,851724.4,927,851746.9,0.1,0.1%,938
889,15.6088168335,-14.2711755916,1295.203,1000,852724.4,1000,852746.9,0.0,0.0%,938
890,15.6113873531,-14.2624926274,1297.233,999.94,853724.3,999.94,853746.8,0.1,0.2%,939
891,15.6189118597,-14.2581732861,1298.71,942.18,854666.5,942.18,854689,0.1,0.2%,941
892,15.6273969786,-14.2552911834,1299.604,969.59,855636.1,969.59,855658.6,0.1,0.1%,942
893,15.6359654574,-14.2525535956,1301.352,973.01,856609.1,973.01,856631.6,0.1,0.2%,944
894,15.6444670777,-14.2497856001,1302.464,967.22,857576.3,967.22,857598.8,0.1,0.1%,945
895,15.6525992598,-14.2466803346,1303.327,942.46,858518.8,942.46,858541.3,0.1,0.1%,946
896,15.6590693472,-14.2402102472,1305.308,1000,859518.8,1000,859541.3,0.1,0.2%,946
897,15.6675772355,-14.2366433301,1304.853,999.41,860518.2,999.41,860540.7,0.0,0.0%,947
898,15.6713861783,-14.2288544403,1307.011,954.8,861473,954.8,861495.5,0.1,0.2%,949
899,15.6772079310,-14.2218231647,1308.695,1000,862473,1000,862495.5,0.1,0.2%,949
900,15.6810822285,-14.2150708722,1310.166,856.15,863329.2,856.15,863351.6,0.1,0.2%,952
901,15.6896188581,-14.2141983070,1310.292,926.43,864255.6,926.43,864278.1,0.0,0.0%,953
902,15.6938048137,-14.2066666074,1313.8,947.92,865203.5,947.92,865226,0.2,0.4%,955
903,15.6977266304,-14.1990527296,1313.041,942.79,866146.3,942.79,866168.8,0.0,0.1%,956
904,15.7035713617,-14.1928963268,1318.113,928.43,867074.7,928.45,867097.2,0.3,0.5%,959
905,15.7062756703,-14.1858694468,1316.212,830.46,867905.2,830.46,867927.7,0.1,0.2%,961
906,15.7113627566,-14.1861274633,1317.028,549.87,868455.1,549.88,868477.6,0.1,0.1%,963
907,15.7160032020,-14.1813850511,1318.996,725.42,869180.5,725.43,869203,0.2,0.3%,965
908,15.7226364718,-14.1754249858,1318.388,973.44,870153.9,973.44,870176.4,0.0,0.1%,966
909,15.7298645570,-14.1697723126,1322.34,1000,871153.9,1000,871176.4,0.2,0.4%,966
910,15.7376145626,-14.1653753596,1318.11,967.81,872121.7,967.82,872144.3,0.3,0.4%,967
911,15.7462849617,-14.1631007858,1321.747,969.27,873091,969.28,873113.5,0.2,0.4%,968
912,15.7542945330,-14.1588689785,1324.655,983.32,874074.3,983.33,874096.9,0.2,0.3%,969
913,15.7632777216,-14.1566653683,1327.414,1000,875074.3,1000,875096.9,0.2,0.3%,969
914,15.7651355092,-14.1495849439,1331.627,808.65,875883,808.66,875905.5,0.3,0.5%,971
915,15.7675732943,-14.1414723443,1343.019,935.38,876818.4,935.45,876841,0.7,1.2%,974
916,15.7688826324,-14.1325248377,1340.007,1000,877818.4,1000,877841,0.2,0.3%,974
917,15.7724262800,-14.1241833227,1345.981,999.08,878817.4,999.1,878840.1,0.3,0.6%,975
918,15.7791078874,-14.1227358319,1356.344,739.02,879556.4,739.09,879579.2,0.8,1.4%,977
919,15.7875919748,-14.1233428195,1354.832,918.54,880475,918.54,880497.7,0.1,0.2%,978
920,15.7966524039,-14.1236037438,1357.906,978.74,881453.7,978.74,881476.4,0.2,0.3%,979
921,15.8052740572,-14.1226491468,1359.618,936.91,882390.6,936.91,882413.4,0.1,0.2%,981
922,15.8102123838,-14.1150030336,1369.897,1000,883390.6,1000.1,883413.4,0.6,1.0%,981
923,15.8142710100,-14.1070294950,1373.951,985.06,884375.7,985.07,884398.5,0.2,0.4%,983
924,15.8165701589,-14.0984857737,1368.895,977.34,885353,977.35,885375.8,0.3,0.5%,984
925,15.8228250390,-14.0919163947,1369.535,992.24,886345.3,992.24,886368.1,0.0,0.1%,985
926,15.8235539251,-14.0829061224,1379.802,1000,887345.3,1000.1,887368.1,0.6,1.0%,985
927,15.8249348764,-14.0740080270,1393,995.72,888341,995.81,888363.9,0.8,1.3%,986
928,15.8274052567,-14.0652973497,1394.359,1000,889341,1000,889363.9,0.1,0.1%,986
929,15.8298756369,-14.0565866724,1401.243,1000,890341,1000,890363.9,0.4,0.7%,986
930,15.8323460172,-14.0478759951,1403.191,1000,891341,1000,891363.9,0.1,0.2%,986
931,15.8369486491,-14.0401514462,1407.692,988.72,892329.7,988.73,892352.7,0.3,0.5%,987
932,15.8409503754,-14.0321382276,1414.711,986.34,893316,986.37,893339,0.4,0.7%,988
933,15.8456764929,-14.0248903449,1428.694,950.62,894266.7,950.72,894289.8,0.8,1.5%,989
934,15.8516623329,-14.0186612434,1427.912,945.03,895211.7,945.03,895234.8,0.0,0.1%,990
935,15.8536872322,-14.0100735639,1432.836,974.99,896186.7,975,896209.8,0.3,0.5%,991
936,15.8564112544,-14.0023292088,1433.764,905.96,897092.6,905.96,897115.8,0.1,0.1%,992
937,15.8548093152,-13.9937457717,1437.665,965.31,898057.9,965.31,898081.1,0.2,0.4%,994
938,15.8566910075,-13.9848961284,1441.326,1000,899057.9,1000,899081.1,0.2,0.4%,994
939,15.8618099604,-13.9774755695,1450.774,989.91,900047.9,989.96,900071,0.5,1.0%,996
940,15.8641865489,-13.9687402349,1449.078,1000,901047.9,1000,901071,0.1,0.2%,996
941,15.8697233921,-13.9620182223,1449.445,954.48,902002.3,954.48,902025.5,0.0,0.0%,998
942,15.8777173433,-13.9576374579,1459.584,990.46,902992.8,990.51,903016,0.6,1.0%,999
943,15.8776084403,-13.9498028625,1467.558,866.89,903859.7,866.93,903883,0.5,0.9%,1000
944,15.8747283852,-13.9417383060,1474.057,944.97,904804.7,944.99,904828,0.4,0.7%,1001
945,15.8735933638,-13.9329977771,1480.55,974.79,905779.4,974.81,905802.8,0.4,0.7%,1003
946,15.8777588813,-13.9250387634,1504.437,988.96,906768.4,989.25,906792,1.4,2.4%,1004
947,15.8840013356,-13.9183670084,1521.299,999.99,907768.4,1000.1,907792.2,1.0,1.7%,1004
948,15.8902437898,-13.9116952535,1542.178,1000,908768.4,1000.2,908792.4,1.2,2.1%,1004
949,15.8866208620,-13.9041259762,1538.776,924.47,909692.9,924.48,909716.9,0.2,0.4%,1006
950,15.8939840286,-13.8997486799,1547.503,931.59,910624.5,931.63,910648.5,0.5,0.9%,1007
951,15.9022682865,-13.9019502272,1562.056,927.9,911552.4,928.02,911576.5,0.9,1.6%,1009
952,15.9094390106,-13.9027375260,1566.308,779.89,912332.3,779.9,912356.4,0.3,0.5%,1011
953,15.9163765082,-13.8970540168,1574.649,978.58,913310.8,978.62,913335,0.5,0.9%,1013
954,15.9198381703,-13.8909995201,1577.08,767.27,914078.1,767.27,914102.3,0.2,0.3%,1014
955,15.9252982150,-13.8923315991,1573.317,608.27,914686.4,608.28,914710.6,0.4,0.6%,1016
956,15.9341190277,-13.8901422300,1576.935,983.68,915670.1,983.69,915694.3,0.2,0.4%,1017
957,15.9413648539,-13.8850193674,1582.456,966.75,916636.8,966.77,916661,0.3,0.6%,1018
958,15.9457136205,-13.8770981067,1588.861,994.49,917631.3,994.51,917655.5,0.4,0.6%,1019
959,15.9502150552,-13.8694551877,1587.745,975.6,918606.9,975.6,918631.1,0.1,0.1%,1020
960,15.9580482630,-13.8649439331,1592.589,982.89,919589.8,982.91,919614,0.3,0.5%,1021
961,15.9622501443,-13.8571509055,1596.381,974.53,920564.3,974.54,920588.6,0.2,0.4%,1022
962,15.9668680925,-13.8493568887,1599.631,996.39,921560.7,996.4,921585,0.2,0.3%,1023
963,15.9718289874,-13.8417281727,1601,1000,922560.7,1000,922585,0.1,0.1%,1023
964,15.9767898822,-13.8340994566,1602.866,1000,923560.7,1000,923585,0.1,0.2%,1023
965,15.9822465367,-13.8268756046,1603.746,993.37,924554.1,993.37,924578.4,0.1,0.1%,1025
966,15.9890189534,-13.8207196399,1606.62,1000,925554.1,1000,925578.4,0.2,0.3%,1025
967,15.9969540839,-13.8168714499,1610.224,957.76,926511.9,957.77,926536.1,0.2,0.4%,1026
968,16.0024996357,-13.8108272141,1611.905,898.16,927410,898.16,927434.3,0.1,0.2%,1028
969,16.0042814810,-13.8019580255,1613.602,1000,928410,1000,928434.3,0.1,0.2%,1028
970,16.0060633262,-13.7930888369,1615.725,1000,929410,1000,929434.3,0.1,0.2%,1028
971,16.0089226750,-13.7845508571,1617.459,993.93,930404,993.93,930428.2,0.1,0.2%,1029
972,16.0126548145,-13.7762811604,1617.672,999.99,931404,999.99,931428.2,0.0,0.0%,1029
973,16.0163869539,-13.7680114637,1622.746,1000,932403.9,1000,932428.2,0.3,0.5%,1029
974,16.0201190934,-13.7597417670,1624.989,1000,933404,1000,933428.2,0.1,0.2%,1029
975,16.0238512328,-13.7514720703,1629.752,1000,934404,1000,934428.3,0.3,0.5%,1029
976,16.0260134371,-13.7428352753,1631.371,983.75,935387.7,983.75,935412,0.1,0.2%,1030
977,16.0292130578,-13.7345053229,1634.398,984.43,936372.1,984.43,936396.4,0.2,0.3%,1031
978,16.0320589840,-13.7259310734,1638.834,997.32,937369.5,997.33,937393.8,0.3,0.4%,1032
979,16.0349132169,-13.7173598570,1640.186,997.28,938366.7,997.28,938391.1,0.1,0.1%,1034
980,16.0390059060,-13.7092551841,1644.77,1000,939366.7,1000,939391.1,0.3,0.5%,1034
981,16.0471770413,-13.7051057137,1647.793,995.98,940362.7,995.99,940387,0.2,0.3%,1035
982,16.0529742367,-13.6980770447,1653.026,998.98,941361.7,998.99,941386,0.3,0.5%,1036
983,16.0587434873,-13.6910147173,1658.379,1000,942361.7,1000,942386.1,0.3,0.5%,1036
984,16.0645127379,-13.6839523900,1658.428,1000,943361.7,1000,943386.1,0.0,0.0%,1036
985,16.0684879898,-13.6758464152,1664.559,994.6,944356.3,994.62,944380.7,0.4,0.6%,1037
986,16.0720840771,-13.6675198639,1668.527,1000,945356.3,1000,945380.7,0.2,0.4%,1037
987,16.0738873262,-13.6590811202,1674.948,953.8,946310.1,953.82,946334.5,0.4,0.7%,1038
988,16.0714061417,-13.6503742649,1679.938,1000,947310.1,1000,947334.5,0.3,0.5%,1038
989,16.0689249572,-13.6416674096,1687.114,1000,948310.1,1000,948334.5,0.4,0.7%,1038
990,16.0707281972,-13.6336178465,1694.568,911.69,949221.8,911.72,949246.3,0.5,0.8%,1040
991,16.0783655400,-13.6285282505,1705.166,1000,950221.8,1000.1,950246.3,0.6,1.1%,1040
992,16.0846362823,-13.6220929165,1721.21,983.53,951205.3,983.66,951230,0.9,1.6%,1041
993,16.0850696564,-13.6214799881,1722.828,82.447,951287.8,82.463,951312.4,1.1,2.0%,1041
